"10,000 B.C"
"10,000 B.C."
"10,000 BC 1부"
"10,000 BC 2부"
"1000: 최후의 전사들"
"1000:최후의 전사들"
"1000:최후의전사들"
"10억"
"12 라운드"
"12 몽키즈"
"127시간"
"13 고스트"
"13번째 전사"
"13번째 전사 1부"
"13번째 전사 2부"
"13일의 금요일(2009)"
"1999, 면회"
"19곰 테드2"
2012
"2016 UFC"
"2016 UFC 1부"
"2016 UFC 2부"
"2016 UFC 3부"
"2016 로드 FC"
"2016 로드 FC 1부"
"2016 로드 FC 2부"
"2017 UFC 1부"
21
"21 점프 스트리트 1부"
"21 점프 스트리트 2부"
"22 블렛"
"26년"
"28일후"
"28일후 1부"
"28일후 2부"
"28주 후"
"28주후"
"28주후 1부"
"28주후 2부"
300
"300:제국의 부활"
"38 사기동대"
"38 사기동대 스페셜"
"400 데이즈"
"44인치 가슴"
"47 로닌"
"500일의 썸머"
"5백만불의 사나이"
"7공주 대리운전"
"7광구"
"7급 공무원"
"7번방의 선물"
"7번째 아들"
"8마일"
"8월의 크리스마스"
"90분"
"<군함도> 무비멘터리: 1419일, 필사의 여정"
"<군함도>무비멘터리: 1419일, 필사의 여정"
"<액션매니악> 살인재능"
"A-특공대"
A.I.
"Agent X"
"CJ7-장강7호"
"CSI MIAMI 9"
"CSI MIAMI 시즌1"
"CSI MIAMI 시즌10"
"CSI MIAMI 시즌4"
"CSI MIAMI 시즌5"
"CSI MIAMI 시즌6"
"CSI MIAMI 시즌7"
"CSI MIAMI 시즌8"
"CSI MIAMI 시즌9"
"CSI NY 시즌2"
"CSI NY 시즌4"
"CSI NY 시즌5"
"CSI NY 시즌6"
"CSI NY 시즌7"
"CSI NY 시즌8"
"CSI NY 시즌9"
"CSI 마이애미 시즌10"
"CSI 시즌11"
"CSI 시즌12"
"CSI 시즌13"
"CSI 시즌14"
"CSI 시즌15"
"CSI 시즌16:피날레"
"CSI 시즌5"
"CSI 시즌6"
"CSI 시즌7"
"CSI 시즌8"
"CSI 시즌9"
CSI:Cyber
"CSI:Cyber 시즌2"
CSIMIAMI9
"DC 레전드 오브 투모로우"
E.T.
"F학점 첩보원"
GP506
K2
"K2 1부"
"K2 2부"
"NCIS 14:미공개 에피소드"
"NCIS 시즌12"
"NCIS 시즌13"
"NCIS 시즌14"
"NCIS 시즌15"
"NCIS:LA 시즌5"
"NCIS:LA 시즌7"
"NCIS:LA 시즌8"
"R.I.P.D.유령퇴치전담반"
"S.W.A.T.: 파이어 파이트"
"S.W.A.T.특수기동대"
"S.W.A.T.특수기동대 1부"
"S.W.A.T.특수기동대 2부"
"S.W.A.T2:파이어 파이트"
"S테이프"
"UFC 하이라이트"
"X파일 시즌10"
"가디언스"
"가디언즈"
"가디언즈 오브 갤럭시"
"가라데 파이터"
"가려진 시간"
"가루지기"
"가루지기 1부"
"가루지기 2부"
"가름워즈:마지막 예언자"
"가문의 영광 4:가문의 수난"
"가문의 영광 5:가문의 귀환"
"가문의 영광4:가문의 수난"
"가문의 영광4:가문의 수난 1부"
"가문의 영광4:가문의 수난 2부"
"가문의 영광5: 가문의 귀환"
"가문의 영광5:가문의 귀환"
"가문의 영광5:가문의 귀환 1부"
"가문의 영광5:가문의 귀환 2부"
"가문의 위기"
"가비"
"가시"
"가위손"
"가타카"
"가타카 1부"
"가타카 2부"
"간기남"
"간신"
"간첩"
"간츠"
"갈증"
"감기"
"감시자들"
"갓 블레스 아메리카"
"강남 1970"
"강철대오:구국의 철가방"
"강철중: 공공의 적 1-1"
"강철중:공공의 적 1-1"
"개구쟁이 스머프"
"개구쟁이 스머프 2"
"개구쟁이 스머프2"
"개들의 전쟁"
"개들의 전쟁 1부"
"개들의 전쟁 2부"
"개를 훔치는 완벽한 방법"
"갤로우즈"
"갱스터 스쿼드"
"거룩한 계보"
"거룩한 계보 1부"
"거룩한 계보 2부"
"거북이 달린다"
"거북이달린다 1부"
"거북이달린다 2부"
"거인"
"거침없이 쏴라! 슛 뎀 업"
"건"
"건 파이터(2015)"
"건축학개론"
"건축학개론 1부"
"건축학개론 2부"
"걷기왕"
"걸리버 여행기"
"검사외전"
"검우강호"
"검우강호 1부"
"검우강호 2부"
"검은 사제들"
"검은손"
"겁나는 여친의 완벽한 비밀"
"겁나는 여친의 완벽한 비밀 1부"
"겁나는 여친의 완벽한 비밀 2부"
"게임 플랜"
"겜블러"
"겟 스마트"
"겟어웨이"
"겨울왕국"
"결정적한방"
"결혼은 미친 짓이다"
"결혼전야"
"경마장 가는 길"
"경성학교:사라진 소녀들"
"경주"
"고고70"
"고담"
"고령화 가족"
"고백"
"고백 (2010)"
"고백(2010)"
"고백할 수 없는"
"고산자, 대동여지도"
"고스트 라이더"
"고스트 라이더 3D:복수의 화신"
"고스트 라이더 3D:복수의 화신 1부"
"고스트 라이더 3D:복수의 화신 2부"
"고스트 스톰"
"고스트 오브 컨저링"
"고스트 팀 원"
"고스트 헌터:얼음 몬스터의 부활"
"고양이 소녀"
"고양이를 부탁해"
"고인돌 가족"
"고지전"
"고지전 1부"
"고지전 2부"
"고질라"
"고질라(2014)"
"고티카"
"곤 투마로우"
"골"
"골!"
"골드 랜섬"
"골드 시나"
"골드 시나 1부"
"골드 시나 2부"
"공공의 적"
"공공의 적 2"
"공공의 적2"
"공공의 적2 1부"
"공공의 적2 2부"
"공범"
"공범 1부"
"공범 2부"
"공정사회"
"공즉시색 2015"
"공즉시색(2015)"
"과속스캔들"
"과속스캔들 1부"
"과속스캔들 2부"
"관능의 법칙"
"관상"
"관음증"
"관음증(2016)"
"광해, 왕이 된 남자"
"광해: 왕이 된 남자"
"광해:왕이 된 남자"
"광해:왕이된남자"
"괴물"
"괴물의 아이"
"구르믈 버서난 달처럼"
"구해줘"
"구해줘:바이블"
"국가대표"
"국가대표 1부"
"국가대표 2"
"국가대표 2부"
"국제시장"
"군도:민란의 시대"
"굿 가이스 1부"
"굿 가이스 2부"
"굿 다이노"
"굿 럭 척"
"굿 메리지"
"굿모닝 맨하탄"
"굿모닝 에브리원"
"굿모닝 에브리원 1부"
"굿모닝 에브리원 2부"
"굿바이 싱글"
"궁녀"
"권순분여사 납치사건"
"권순분여사 납치사건 1부"
"권순분여사 납치사건 2부"
"귀곡성:귀신을 부르는 소리"
"귀신이 산다"
"귀여운 여인"
"그 시절, 우리가 좋아했던 소녀"
"그 여자 작사 그 남자 작곡"
"그날의 분위기"
"그놈 목소리"
"그놈이다"
"그대를 사랑합니다"
"그랑 블루"
"그래버스"
"그래버스 1부"
"그래버스 2부"
"그래비티"
"그랜 토리노"
"그랜드 부다페스트 호텔"
"그랜드 피아노"
"그랜토리노"
"그레이스 오브 모나코"
"그레이의 50가지 그림자"
"그로운 업스"
"그루지 매치"
"그리다이언 갱"
"그린 호넷"
"그린 호넷 1부"
"그린 호넷 2부"
"그린랜턴:반지의 선택"
"그린존"
"그림자살인"
"그림형제 시즌4"
"그림형제 시즌5"
"그림형제 시즌6"
"극락도 살인사건"
"극락도 살인사건 1부"
"극락도 살인사건 2부"
"극비수사"
"극장판 이니셜 D 레전드1"
"극장판 이니셜D 레전드2"
"극장판 하늘의 유실물:시계 태엽의 엔젤로이드"
"극적인 하룻밤"
"글래디에이터"
"글로리데이"
"글로리아"
"글리머 맨"
"글리머 맨 1부"
"글리머 맨 2부"
"기사 윌리엄"
"기사 윌리엄 1부"
"기사 윌리엄 2부"
"기술자들"
"기억 속에 퍼즐"
"김종욱 찾기"
"깡철이"
"깡철이 1부"
"깡철이 2부"
"꼬마 니콜라의 여름방학"
"꼬마돼지 베이브"
"꼭두각시"
"꿀벌 대소동"
"끝과 시작"
"끝까지 간다"
"나, 다니엘 블레이크"
"나가요 미스콜"
"나가요 미스콜 1부"
"나가요 미스콜 2부"
"나는 공무원이다"
"나는 네가 지난 여름에 한 일을 알고 있다"
"나는 왕이로소이다"
"나는 왕이로소이다 1부"
"나는 왕이로소이다 2부"
"나는 전설이다"
"나는 전설이다 1부"
"나는 전설이다 2부"
"나니아 연대기"
"나니아 연대기-사자, 마녀 그리고 옷장"
"나니아 연대기2: 캐스피언 왕자"
"나니아 연대기2:캐스피언 왕자"
"나니아 연대기3: 새벽 출정호의 항해"
"나니아 연대기3:새벽 출정호의 항해"
"나니아 연대기:새벽 출정호의 항해"
"나니아 연대기:캐스피언 왕자"
"나다니엘 블레이크"
"나도 때론 포르노그라피의 주인공이고 싶다"
"나도 영화감독이다 청춘무비"
"나를 미치게 하는 여자"
"나를 잊지 말아요"
"나를 찾아줘"
"나를 책임져, 알피"
"나비효과"
"나쁜 녀석들"
"나쁜 녀석들 (2014)"
"나쁜 녀석들 2"
"나쁜 녀석들2"
"나쁜 녀석들: 악의 도시"
"나쁜 녀석들:악의 도시"
"나쁜 녀석들:악의 도시 스페셜"
"나쁜 수업"
"나쁜 이웃들"
"나쁜놈은 죽는다"
"나우 유 씨 미 2"
"나우 유 씨 미:마술사기단"
"나우 유 씨 미:마술사기단 1부"
"나우 유 씨 미:마술사기단 2부"
"나의 PS파트너"
"나의 그리스식 웨딩 2"
"나의 사랑 나의 신부"
"나의 사랑 나의 신부(2014)"
"나의 산티아고"
"나의 절친 악당들"
"나이스 가이"
"나이트 크롤러"
"나이트 플라이트"
"나이트메어"
"나인 마일즈"
"나인 마일즈 다운"
"나인뮤지스:그녀들의 서바이벌"
"나잇 & 데이"
"나잇 앤 데이"
"나탈리"
"나홀로 집에"
"나홀로 집에 2"
"나홀로 집에 3"
"나홀로 집에2"
"나홀로 집에2 1부"
"나홀로 집에2 2부"
"나홀로 집에3"
"나홀로 휴가"
"날,보러와요"
"남과 여"
"남과 여(2015)"
"남영동1985"
"남자사용설명서"
"남쪽으로 튀어"
"내 깡패 같은 애인"
"내 깡패 같은 애인 1부"
"내 깡패 같은 애인 2부"
"내 남자"
"내 남자 (2013)"
"내 남자 사용법"
"내 남자 사용법 2"
"내 남자(2013)"
"내 마음의 풍금"
"내 생애 최고의 데이트"
"내 심장을 쏴라"
"내 아내의 모든 것"
"내 아내의 모든 것 1부"
"내 아내의 모든 것 2부"
"내 연애의 기억"
"내 이름은 칸"
"내가 살인범이다"
"내가 잠들기 전에"
"내겐 너무 가벼운 그녀 (2001)"
"내겐 너무 과분한 그녀"
"내겐 너무 아찔한 그녀"
"내니 맥피 - 우리 유모는 마법사"
"내니 맥피 2 - 유모와 마법소동"
"내니 맥피 2-유모와 마법소동"
"내니 맥피2: 유모와 마법소동"
"내셔널 트레져"
"내셔널 트레져2"
"내셔널 트레져2:비밀의 책"
"내셔널트레져 2"
"내여친은 사이보그"
"내일의 죠"
"너는 펫 1부"
"너는 펫 2부"
"너스3D"
"넘버스 스테이션"
"네고시에이터"
"네트"
"넥스트"
"노 굿 디드"
"노 굿 디드 2014"
"노 원 리브스:잔혹한 살인마"
"노리개"
"노마드:더 비기닝"
"노벰버 맨"
"노브레싱"
"노아"
"노아 (2014)"
"노아(2014)"
"노인을 위한 나라는 없다"
"노잉"
"노잉 1부"
"노잉 2부"
"노조키메"
"노크, 노크"
"노토리어스:위험한특종"
"노트북"
"노팅힐"
"녹색 의자"
"녹색의자 2013"
"녹색의자 2013-러브 컨셉츄얼리"
"누나친구"
"눈의 여왕"
"눈의 여왕 2:트롤의 마법거울"
"눈의 여왕2: 트롤의 마법거울"
"눈의 여왕3: 눈과 불의 마법대결"
"눈의 여왕3:눈과 불의 마법대결"
"뉴욕은 언제나 사랑 중"
"늑대소년"
"늑대소년 1부"
"늑대소년 2부"
"늑대아이"
"늑대인간:더 오리지널"
"니드 포 스피드"
"니모를 찾아서"
"니키타"
"니키타(1990)"
"닉 오브 타임"
"닌자 어쌔신"
"닌자 어쌔신 1부"
"닌자 어쌔신 2부"
"닌자터틀"
"닌자터틀(2014)"
"님포매니악 Vol.1"
"님포매니악 Vol.2"
"님프, 피의 요정"
"다시, 사랑을 꿈꾸다"
"다우더"
"다이노소어 어드벤처"
"다이버전트 시리즈: 얼리전트"
"다이버전트 시리즈:얼리전트"
"다이브"
"다이하드"
"다이하드 2"
"다이하드 3"
"다이하드 4.0"
"다이하드2"
"다이하드2 1부"
"다이하드2 2부"
"다이하드3"
"다이하드3 1부"
"다이하드3 2부"
"다이하드:굿 데이 투 다이"
"다잉 오브 라이트"
"다크 나이트"
"다크 나이트 라이즈"
"다크 섀도우"
"다크 스페이스"
"다크 시티"
"다크 엔젤:FALLEN"
"다크 엔젤:FALLEN 2"
"다크 엔젤:FALLEN 3"
"다크 월드:이퀄리브리엄"
"다크 타이드"
"다크 트루스"
"다크 트루스 1부"
"다크 트루스 2부"
"다크 플레이스"
"다크나이트"
"다크맨"
"다크아워"
"다크월드 3D"
"다크월드 3D 1부"
"다크월드 3D 2부"
"달사람"
"달콤한 백수와 사랑만들기"
"당백호점추향"
"당백호점추향 1부"
"당백호점추향 2부"
"당신 없는 일주일"
"당신은 몇번째인가요?"
"당신은 아직 아무것도 보지 못했다"
"당신이 잠든 사이에"
"대결(2016)"
"대니 콜린스"
"대니쉬 걸"
"대배우"
"대통령의 딸"
"대학살의 신"
"대호"
"댄싱퀸"
"댄싱퀸 1부"
"댄싱퀸 2부"
"더 건맨"
"더 게스트"
"더 게임"
"더 기버 : 기억전달자"
"더 기버: 기억전달자"
"더 기버:기억전달자"
"더 기버:기억전달자 1부"
"더 기버:기억전달자 2부"
"더 기프트"
"더 덴"
"더 라이트: 악마는 있다"
"더 라이트:악마는 있다"
"더 랍스터"
"더 레버넌트"
"더 레이븐"
"더 로드"
"더 로버"
"더 로프트: 비밀의 방"
"더 로프트:비밀의 방"
"더 록"
"더 록 1부"
"더 록 2부"
"더 리치: 죽음의 사막"
"더 리치:죽음의 사막"
"더 마린"
"더 마린 2"
"더 매직:리틀톰과 도둑공주"
"더 바디"
"더 바디 (2012)"
"더 바디(2012)"
"더 벙커 시즌8"
"더 보이 넥스트 도어"
"더 브레이브"
"더 비지트"
"더 빅 이어"
"더 빅 이어 1부"
"더 빅 이어 2부"
"더 셰프"
"더 스토리"
"더 씽"
"더 씽 (2011)"
"더 씽(2011)"
"더 울버린"
"더 웨이브"
"더 웹툰: 예고살인"
"더 웹툰:예고살인"
"더 이퀄라이저"
"더 인비트위너스 : 섹스온더비치"
"더 인비트위너스:섹스온더비치"
"더 임파서블"
"더 저지"
"더 커널"
"더 코드 오브 카인"
"더 코어"
"더 콜"
"더 콜 (2013)"
"더 콜 1부"
"더 콜 2부"
"더 콜(2013)"
"더 킬러스"
"더 타겟"
"더 테너:리리코 스핀토"
"더 파이브"
"더 퍼지"
"더 퍼지(2013)"
"더 퍼지: 거리의 반란"
"더 퍼지:거리의 반란"
"더 포저"
"더 폰"
"더 플레이어"
"더 헌트"
"더 홈즈맨"
"더블"
"더블 타겟"
"더블 타겟(2007)"
"더블 팀"
"더블 팀 1부"
"더블 팀 2부"
"더블타겟(2007)"
"더코어"
"더티 해리"
"덕수리5형제"
"덕혜옹주"
"덤 앤 더머 2"
"덤 앤 더머 투"
"덤 앤 더머2"
"덫, 치명적인 유혹"
"데드 스노우 2"
"데드 스노우2"
"데드 캠프 3"
"데드 캠프4"
"데드 캠프5"
"데드 폴"
"데드폴"
"데드폴 1부"
"데드폴 2부"
"데드풀"
"데모닉"
"데몰리션"
"데몰리션맨"
"데미안"
"데미안(2016)"
"데블"
"데블스 에드버킷"
"데블스 오운"
"데스 레이스"
"데스 센텐스"
"데스티네이션"
"데어데블"
"데어데블 1부"
"데어데블 2부"
"데자뷰"
"데저트 댄서"
"델마와 루이스"
"델타포스"
"도가니"
"도가니 1부"
"도가니 2부"
"도둑들"
"도리화가"
"도망자"
"도망자2"
"도성풍운"
"도성풍운 1부"
"도성풍운 2부"
"도학위룡"
"도희야"
"독수리 오형제"
"돈 비 어프레이드-어둠속의 속삭임"
"돈비어프레이드-어둠의 속삭임"
"돌연변이"
"돌핀테일"
"돔 헤밍웨이"
"동갑내기 과외하기"
"동네의 영웅"
"동방삼협"
"동주"
"동창회의 목적"
"동호회의 목적"
"돼지 같은 여자"
"돼지의 왕"
"두 개의 연애"
"두 여자"
"두근두근 내인생"
"두남자(2016)"
"두사부일체"
"둠"
"둠스데이: 지구 최후의 날"
"듀 데이트"
"듀스 비갈로2:유로피안 지골로"
"듀얼"
"듀얼: 스페셜 프리뷰"
"듀얼:스페셜프리뷰"
"드라이브"
"드라이브 쓰루"
"드라큘라: 전설의 시작"
"드라큘라:전설의 시작"
"드래곤 길들이기"
"드래곤 길들이기 2"
"드래곤 길들이기2"
"드래곤 블레이드"
"드래곤 에이지"
"드래곤 펄"
"드래곤 하트"
"드래곤볼 에볼루션"
"드래곤볼: 에볼루션"
"드래곤볼:에볼루션"
"드림 하우스"
"드림걸즈"
"드림캐쳐"
"드림캐쳐 1부"
"드림캐쳐 2부"
"드림팀 (2013)"
"드림팀(2013)"
"드림하우스"
"들개들"
"들어는 봤니? 모건 부부"
"등산의 목적"
"디 오드 라이프 오브 티모시 그린"
"디너 게임"
"디바이드"
"디바이드 1부"
"디바이드 2부"
"디센던트"
"디스 민즈 워"
"디스 이즈 디 엔드"
"디스커넥트"
"디스터비아"
"디스트릭트 9"
"디스트릭트9"
"디스트릭트9 1부"
"디스트릭트9 2부"
"디아블로"
"디테일스"
"딜리버리 맨"
"딥 라이징"
"딥 라이징 1부"
"딥 라이징 2부"
"딥 블루 씨"
"따라지:비열한 거리"
"땡스 포 쉐어링"
"땡큐, 대디"
"라디오 스타"
"라디오스타 1부"
"라디오스타 2부"
"라따뚜이"
"라라랜드"
"라밤바"
"라붐"
"라스트 갓 파더"
"라스트 데이즈"
"라스트 맨 스탠딩 1부"
"라스트 맨 스탠딩 2부"
"라스트 사무라이"
"라스트 스탠드"
"라스트 스탠드 1부"
"라스트 스탠드 2부"
"라스트 액션 히어로"
"라스트 에어벤더"
"라스트 위치 헌터"
"라스트 캐슬"
"라스트 홈"
"라스트맨 스탠딩"
"라이엇"
"라이온 킹"
"라이프"
"라이프 오브 파이"
"라자루스"
"라푼젤"
"락 오브 에이지"
"락아웃: 익스트림 미션"
"락아웃:익스트림 미션"
"락아웃:익스트림 미션 1부"
"락아웃:익스트림 미션 2부"
"람보"
"람보 2"
"람보2"
"람보3"
"랑야방:권력의 기록"
"랜드 오브 데드"
"랭고"
"러덜리스"
"러브 라이브! 더 스쿨 아이돌 무비"
"러브 레터"
"러브 액츄얼리"
"러브&드럭스"
"러브, 로지"
"러브레이스"
"러브픽션"
"러블리 본즈"
"러시 더 라이벌"
"러시: 더 라이벌"
"러시:더 라이벌"
"러시아워"
"러시아워2"
"러시아워3"
"럭키"
"런 올 나이트"
"런닝맨"
"런닝맨 1부"
"런닝맨 2부"
"런던 블러바드"
"런던 해즈 폴른"
"레고 DC 코믹스 수퍼 히어로즈"
"레고 무비"
"레고 배트맨:더 무비"
"레드"
"레드 1부"
"레드 2부"
"레드 드래곤"
"레드 라이딩 후드"
"레드 플래닛"
"레드: 더 레전드"
"레드:더 레전드"
"레드:더 레전드 1부"
"레드:더 레전드 2부"
"레드:웨어울프 헌터"
"레모니 스니켓의 위험한 대결"
"레볼루셔너리 로드"
"레볼루션 아일랜드"
"레스큐 돈"
"레스큐돈 1부"
"레스큐돈 2부"
"레옹"
"레옹 1부"
"레옹 2부"
"레이드 2"
"레이드2"
"레이드2 1부"
"레이드2 2부"
"레이드:첫번째 습격"
"레이드:첫번째 습격 1부"
"레이드:첫번째 습격 2부"
"레이스"
"레이어 케이크"
"레이어 케이크 1부"
"레이어 케이크 2부"
"레인 오브 파이어"
"레전드 오브 래빗"
"레전드 오브 조로"
"레전드(2015)"
"레즈비언 뱀파이어 킬러"
"레지던트 이블 3:인류의 멸망"
"레지던트 이블 4:끝나지 않은 전쟁"
"레지던트 이블3:인류의 멸망"
"레지던트 이블3:인류의 멸망 1부"
"레지던트 이블3:인류의 멸망 2부"
"레지던트 이블:댐네이션"
"레퀴엠 포 어 킬러"
"레퀴엠 포 어 킬러 1부"
"레퀴엠 포 어 킬러 2부"
"레프트 비하인드:휴거의 시작"
"렌트"
"렛 미 인"
"렛츠 비 캅스"
"령:저주받은 사진"
"로렉스"
"로리타"
"로맨틱 레시피"
"로맨틱 홀리데이"
"로미오 머스트 다이 1부"
"로미오 머스트 다이 2부"
"로미오와 줄리엣"
"로미오와 줄리엣 (1996)"
"로미오와 줄리엣(1996)"
"로봇, 소리"
"로봇G"
"로빈 후드"
"로빈 후드 (2010)"
"로빈 후드 1부"
"로빈 후드 2부"
"로빈 후드(2010)"
"로스트"
"로스트 리버"
"로스트 인 더스트"
"로스트 인 스페이스"
"로스트 인 스페이스 1부"
"로스트 인 스페이스 2부"
"로즈우드"
"로즈우드 시즌2"
"론 레인저"
"론 서바이버"
"론리 플레이스 투 다이"
"롤러코스터"
"롤플레이"
"롤플레이2 :동침"
"롤플레이2: 동침"
"롤플레이2:동침"
"롱키스 굿나잇"
"롱키스 굿나잇 1부"
"롱키스 굿나잇 2부"
"루시"
"루시(2014)"
"루시퍼"
"루시퍼 시즌2"
"루저스"
"루저스 1부"
"루저스 2부"
"루퍼"
"루퍼 1부"
"루퍼 2부"
"룸13"
"리그레션"
"리디머: 최후의 심판자"
"리디머:최후의 심판자"
"리딕"
"리메이닝"
"리미트리스"
"리미트리스 1부"
"리미트리스 2부"
"리버레이터:자유를 위해"
"리버와일드"
"리스본행 야간열차"
"리썰 웨폰"
"리얼 스틸"
"리오 2"
"리저너블 다우트"
"리전"
"리졸리&아일스 시즌5"
"리치 리치"
"리치 리치 1부"
"리치 리치 2부"
"리크루트"
"리턴 투 센더"
"리턴드"
"리턴드 1부"
"리턴드 2부"
"리틀 보이"
"리펜턴스"
"리포맨"
"리포맨 1부"
"리포맨 2부"
"리플레이스먼트 킬러"
"립반윙클의 신부"
"링컨 차를 타는 변호사"
"링컨: 뱀파이어 헌터"
"링컨:뱀파이어 헌터"
"마고리엄의 장난감 백화점"
"마녀사냥꾼"
"마녀사냥꾼 1부"
"마녀사냥꾼 2부"
"마님"
"마님 (2015)"
"마님(2015)"
"마다가스카 3:이번엔 서커스다!"
"마다가스카3:이번엔 서커스다!"
"마담뺑덕"
"마당을 나온 암탉"
"마더"
"마데아 : 증인보호프로그램"
"마데아:증인보호프로그램"
"마돈나"
"마드모아젤C"
"마리 앙투아네트"
"마린3:홈랜드"
"마린보이"
"마릴린 먼로와 함께 한 일주일"
"마법사의 제자"
"마법사의 제자 1부"
"마법사의 제자 2부"
"마법에 걸린 사랑"
"마법의 성"
"마블:슈퍼히어로 군단의 비밀"
"마블의 75년:대중문화의 히어로가 되다"
"마션"
"마스크"
"마스크 메이커"
"마스크 메이커 1부"
"마스크 메이커 2부"
"마스터"
"마스터 앤드 커맨더"
"마신자:빨간 옷 소녀의 저주"
"마이 리틀 히어로"
"마이너리티 리포트"
"마이너클럽"
"마이더스 어드벤처"
"마이웨이"
"마이웨이 1부"
"마이웨이 2부"
"마인드 헌터"
"마인드 헌터 1부"
"마인드 헌터 2부"
"마지막 군단"
"마지막 군단 1부"
"마지막 군단 2부"
"마터스(2015)"
"마틸다"
"만추"
"말레피센트"
"말죽거리 잔혹사"
"말죽거리 잔혹사 (2004)"
"말죽거리 잔혹사 1부"
"말죽거리 잔혹사 2부"
"말할 수 없는 비밀"
"매드맥스"
"매드맥스 2"
"매드맥스 3"
"매드맥스2"
"매드맥스3"
"매드맥스:분노의 도로"
"매직 마이크 XXL"
"매직 인 더 문라이트"
"매트릭스"
"매트릭스 2-리로디드"
"매트릭스 2:리로디드"
"매트릭스 3:레볼루션"
"매트릭스2: 리로디드"
"매트릭스2:리로디드"
"매트릭스3: 레볼루션"
"매트릭스3:레볼루션"
"맥스 페인"
"맥스 페인 1부"
"맥스 페인 2부"
"맥시멈 리스크"
"맥시멈 리스크 1부"
"맥시멈 리스크 2부"
"맥시멈 컨빅션"
"맥시멈 컨빅션 1부"
"맥시멈 컨빅션 2부"
"맥카닉:마지막 추격"
"맨 오브 스틸"
"맨 오브 타이치"
"맨 온 파이어"
"맨 인 블랙"
"맨 인 블랙 2"
"맨 프롬 UNCLE"
"맨발의 꿈"
"맨프롬U.N.C.L.E.(2015)"
"맹룡과강"
"맹룡과강 1부"
"맹룡과강 2부"
"머큐리"
"머펫 모스트 원티드"
"먹고 기도하고 사랑하라"
"메가마인드"
"메가피라냐"
"메가피라냐 1부"
"메가피라냐 2부"
"메리다와 마법의 숲"
"메모리얼 데이"
"메소드 무비멘터리"
"메이드 인 차이나"
"메이즈 러너"
"메이즈 러너:스코치 트라이얼"
"메이즈 헌터: 살인곰의 습격"
"메이크 유어 무브"
"메탈리카 스루 더 네버"
"멘탈리스트 시즌7"
"멜로홀릭"
"멜로홀릭 번외편"
"멜리스"
"명량"
"명왕성"
"명탐정 코난 극장판:루팡 VS 코난"
"명탐정 코난 극장판:미궁의 십자로"
"명탐정코난 극장판:루팡3세VS명탐정코난"
"명탐정코난극장판:화염의해바라기"
"모뉴먼츠맨: 세기의 작전"
"모뉴먼츠맨:세기의 작전"
"모데카이"
"모두의 천사 가디"
"모든 비밀스러운것들"
"모멘텀"
"모모와 다락방의 수상한 요괴들"
"모민의 방"
"모범시민"
"모비딕"
"모스트 바이어런트"
"모스트 원티드 맨"
"몬스터"
"몬스터 VS 에이리언"
"몬스터 대학교"
"몬스터 주식회사"
"몬스터 헌트"
"몬스터 호텔"
"몬스터대학교 1부"
"몬스터대학교 2부"
"몬스터즈"
"몬스터즈 2:죽음의 대륙"
"몬테 카를로"
"몽키킹 2:서유기 여정의 시작"
"몽키킹2:서유기 여정의 시작"
"몽타주"
"몽타주 1부"
"몽타주 2부"
"무간도"
"무간도2"
"무간도3"
"무뢰한"
"무방비 도시"
"무방비 도시 1부"
"무방비 도시 2부"
"무비 버스터즈"
"무사"
"무서운 이야기 3:화성에서 온 소녀"
"무서운 이야기2"
"무수단"
"무영검"
"무한대를 본 남자"
"문라이즈 킹덤"
"물랑루즈"
"뮤직 네버스탑"
"뮤턴트 둠스데이"
"미나문방구"
"미나미 양장점의 비밀"
"미녀 삼총사"
"미녀 삼총사 2"
"미녀 삼총사2"
"미녀 삼총사2 1부"
"미녀 삼총사2 2부"
"미녀는 괴로워"
"미녀는 괴로워 1부"
"미녀는 괴로워 2부"
"미녀전쟁"
"미니언즈"
"미션 임파서블"
"미션 임파서블 2"
"미션 임파서블 3"
"미션 임파서블 4:고스트 프로토콜"
"미션 임파서블 5:로그네이션"
"미션 임파서블2"
"미션 임파서블3"
"미션 임파서블4 : 고스트 프로토콜"
"미션 임파서블4:고스트 프로토콜"
"미션 임파서블5:로그네이션"
"미션 임파서블:고스트 프로토콜"
"미션 투 마스"
"미션임파서블3"
"미스 메도우"
"미스 에이전트"
"미스 에이전트2:라스베가스 잠입사건 1부"
"미스 에이전트2:라스베가스 잠입사건 2부"
"미스체인지"
"미스체인지 1부"
"미스체인지 2부"
"미스터 고"
"미스터 고 1부"
"미스터 고 2부"
"미스터 노바디"
"미스터 앤 미세스 스미스"
"미스터 캣"
"미스터 토렌테 <카지노를 털어라!!!>"
"미스터 하이네켄"
"미스터&미세스 스미스"
"미스터&미세스스미스"
"미스트"
"미스트 1부"
"미스트 2부"
"미스트리스 아메리카"
"미쓰 와이프"
"미쓰GO"
"미쓰와이프"
"미씽:사라진 여자"
"미안해 사랑해 고마워"
"미이라"
"미이라 2"
"미이라 3:황제의 무덤"
"미이라2"
"미이라3: 황제의 무덤"
"미이라: 황제의 부활"
"미트 더 스파르탄"
"미트 페어런츠 3"
"미트 페어런츠3"
"미팅이블"
"미확인 동영상"
"밀그램 프로젝트"
"밀리언 달러 암"
"밀리언 웨이즈"
"밀정"
"바디 에일리언"
"바디 오브 라이즈"
"바람과 함께 사라지다"
"바람의 검심"
"바람의 검심 (2012)"
"바람의 검심 : 교토 대화재편"
"바람의 검심(2012)"
"바람의 검심2 : 교토 대화재편"
"바람의 검심2: 교토 대화재편"
"바람의 검심2:교토 대화재편"
"바람의 검심3 : 전설의 최후편"
"바람의 검심3: 전설의 최후편"
"바람의 검심3:전설의 최후편"
"바람의 검심: 교토 대화재편"
"바리새인"
"바빌론 A.D."
"바스터즈 : 거친 녀석들"
"바스터즈: 거친 녀석들"
"바스터즈:거친 녀석들"
"바이럴 팩터"
"바이센티니얼 맨"
"바이센티니얼 맨 1부"
"바이센티니얼 맨 2부"
"바이킹 덤: 신과의 전쟁"
"바이킹 덤:신과의 전쟁"
"바쿠만"
"박물관이 살아있다"
"박물관이 살아있다 2"
"박물관이 살아있다 3:비밀의 무덤"
"박물관이 살아있다2"
"박물관이 살아있다2 1부"
"박물관이 살아있다2 2부"
"박물관이 살아있다3:비밀의 무덤"
"박물관이 살아있다:비밀의 무덤"
"박수건달"
"박수건달 1부"
"박수건달 2부"
"박쥐"
"반지의 제왕 - 두 개의 탑"
"반지의 제왕 - 왕의귀환"
"반지의 제왕 2 - 두 개의 탑"
"반지의 제왕 : 반지원정대"
"반지의 제왕 : 왕의 귀환"
"반지의 제왕-반지원정대"
"반지의 제왕3: 왕의귀환"
"반지의 제왕: 두 개의 탑"
"반지의 제왕: 반지원정대"
"반지의 제왕: 왕의 귀환"
"반지의 제왕: 왕의귀환"
"반지의 제왕:두 개의 탑"
"반지의 제왕:반지 원정대"
"반지의 제왕:반지원정대"
"반지의 제왕:왕의 귀환"
"반지의 제왕:왕의귀환"
"반창꼬"
"반헬싱"
"발광하는 현대사"
"발렌타인"
"밤의 여왕"
"밤의 여왕 1부"
"밤의 여왕 2부"
"방가? 방가! 1부"
"방가? 방가! 2부"
"방황하는 칼날"
"방황하는 칼날 1부"
"방황하는 칼날 2부"
"배꼽"
"배드 애스"
"배우는 배우다"
"배트맨"
"배트맨 vs 로빈"
"배트맨 비긴즈"
"배트맨 이어 원"
"배트맨2"
"배트맨: 고담 나이트"
"배트맨: 언더 더 레드 후드"
"배트맨:고담 나이트"
"배트맨:수어사이드 스쿼드의 탄생"
"배트맨:언더 더 레드 후드"
"배트맨vs로빈"
"배틀쉽"
"배틀스타 갤럭티카:블러드 앤 크롬"
"배틀스타 갤럭티카:블러드 앤 크롬 1부"
"배틀스타 갤럭티카:블러드 앤 크롬 2부"
"백 투 더 비기닝"
"백 투 더 퓨쳐"
"백 투 더 퓨쳐 2"
"백 투 더 퓨쳐2"
"백발마녀전"
"백발마녀전-명월천국"
"백발마녀전: 명월천국"
"백발마녀전:명월천국"
"백사대전"
"백악관 최후의 날"
"백악관 최후의 날 1부"
"백악관 최후의 날 2부"
"백여우 전설"
"백트랙"
"밴티지 포인트"
"뱀파이어 탐정"
"뱀파이어와의 인터뷰"
"뱀파이어의 습격"
"뱅크레이디"
"버닝 브라이트"
"버드맨"
"버레스크"
"버크셔 전기톱 살인사건"
"버킷 리스트-죽기 전에 꼭 하고 싶은 것들"
"버킷 리스트:죽기 전에 꼭 하고 싶은 것들"
"버티칼 리미트"
"범죄와의 전쟁"
"범죄의 여왕"
"베니싱 (2010)"
"베드"
"베를린"
"베스트 엑조틱 메리골드 호텔 2"
"베스트 오브 미"
"베스트 오퍼"
"베스트 키드"
"베스트 키드 (2010)"
"베스트 키드(2010)"
"베어"
"베오울프"
"베이비 데이 아웃"
"베이컨시"
"베이트"
"베테랑"
"벤데타:피의 복수 1부"
"벤데타:피의 복수 2부"
"벤자민 버튼의 시간은 거꾸로 간다"
"벤허"
"벨라 키스"
"보이스"
"보이스 스페셜"
"보이스:놓치지 말아야 할 이야기"
"보이후드"
"보통사람"
"본 레거시"
"본 슈프리머시"
"본 아이덴티티"
"본 얼티메이텀"
"본 콜렉터"
"본 투 비 블루"
"본즈 시즌10"
"본즈 시즌11"
"본즈 시즌12"
"본즈 시즌9"
"볼케이노"
"볼케이노 (1997)"
"볼케이노(1997)"
"봄"
"봉배도저"
"봉이 김선달"
"부당거래"
"부당거래 1부"
"부당거래 2부"
"부산행"
"분노의 질주"
"분노의 질주 2"
"분노의 질주 6: 더 맥시멈"
"분노의 질주 6:더 맥시멈"
"분노의 질주2"
"분노의 질주6: 더 맥시멈"
"분노의 질주6:더 맥시멈"
"분노의 질주: 더 오리지널"
"분노의 질주: 언리미티드"
"분노의 질주:더 세븐"
"분노의 질주:더 오리지널"
"분노의 질주:언리미티드"
"분닥 세인트2"
"분닥 세인트2 1부"
"분닥 세인트2 2부"
"불릿 투 더 헤드"
"불릿 투 더 헤드 1부"
"불릿 투 더 헤드 2부"
"불신지옥"
"불이신탐"
"붉은 바캉스 검은 웨딩"
"뷰티풀 크리처스"
"브레이브 하트"
"브레이브 하트 1부"
"브레이브 하트 2부"
"브레이크 아웃 (2013)"
"브레이킹 던 PART1"
"브레이킹 던 PART1 1부"
"브레이킹 던 PART1 2부"
"브로큰 시티"
"브로큰 시티 1부"
"브로큰 시티 2부"
"브로큰 애로우"
"브루스 올마이티"
"브루클린의 멋진 주말"
"브리짓 존스의 일기"
"브리짓존스의 일기"
"브리짓존스의 일기 2:열정과 애정"
"브리짓존스의 일기2: 열정과 애정"
"브리짓존스의 일기2:열정과 애정"
"브릭맨션: 통제불능 범죄구역"
"브릭맨션:통제불능 범죄구역"
"브이 포 벤데타"
"브이 포 벤데타 1부"
"브이 포 벤데타 2부"
"블라인드"
"블라인드 1부"
"블라인드 2부"
"블라인드 디텍티브"
"블라인드 사이드"
"블라인드 스팟"
"블라인드 스팟 (2015)"
"블랙"
"블랙 매스"
"블랙 미스터리 스페셜"
"블랙 스완"
"블랙 스페셜"
"블랙 씨"
"블랙 앤 화이트: 불량형사들"
"블랙 앤 화이트:불량 형사들"
"블랙 앤 화이트:불량형사들"
"블랙앤화이트:불량형사들"
"블랙코드"
"블러드"
"블러드 글래셔:알프스의 살인빙하"
"블러드 다이아몬드"
"블러드 다이아몬드 1부"
"블러드 다이아몬드 2부"
"블러드 리벤지"
"블러드글래셔: 알프스의 살인빙하"
"블러드글래셔:알프스의 살인빙하"
"블러드타이즈"
"블러드타이즈(2013)"
"블레이드"
"블레이드 2"
"블레이드 3"
"블레이드 러너"
"블레이드 러너(1982)"
"블레이드2"
"블레이드2 1부"
"블레이드2 2부"
"블레이드3"
"블레이드3 1부"
"블레이드3 2부"
"블렌디드"
"블루 발렌타인"
"블루 재스민"
"블링 링"
"비밀"
"비밀(2015)"
"비밀리애"
"비밀애"
"비밀은 없다"
"비바"
"비상계엄"
"비스티 보이즈"
"비스티보이즈"
"비열한 거리"
"비열한 거리 1부"
"비열한 거리 2부"
"비우티풀"
"비정규직 특수요원"
"비치 슬랩"
"비틀스:에잇 데이즈 어 위크-투어링 이어즈"
"비포 선라이즈"
"비포 선셋"
"비행기"
"빅"
"빅 게임"
"빅 미라클"
"빅 미라클 1부"
"빅 미라클 2부"
"빅 웨딩"
"빅 피쉬"
"빅 히어로"
"빅 히트"
"빅매치"
"빨간모자의 진실 2"
"사과"
"사대명포"
"사대명포 2"
"사대명포2"
"사대명포2 1부"
"사대명포2 2부"
"사대명포3 : 종극대결전"
"사대명포3:종극대결전"
"사도"
"사랑과 영혼"
"사랑과 전쟁-극장판"
"사랑과 전쟁:극장판"
"사랑과 전쟁:극장판 1부"
"사랑과 전쟁:극장판 2부"
"사랑보다 아름다운 유혹"
"사랑보다 황금"
"사랑에 대한 모든것"
"사랑에도 저작권이 있나요?"
"사랑은 타이핑 중!"
"사랑이 이긴다"
"사랑하기 때문에"
"사망유희"
"사물의 비밀"
"사물의 비밀 1부"
"사물의 비밀 2부"
"사보타지"
"사보타지 (2014)"
"사보타지 2014"
"사보타지(2014)"
"사운드 오브 뮤직"
"사울의 아들"
"사이버러버"
"사이비"
"사이코 메트리"
"사일런트힐: 레버레이션"
"사일런트힐: 레버레이션 3D"
"사일런트힐:레버레이션"
"사죄의 왕"
"사탄의 인형2"
"산다"
"산다 (2015)"
"산타바바라"
"살인 소설"
"살인의 추억"
"살인의뢰"
"살인의추억 1부"
"살인의추억 2부"
"살인재능"
"살인캠프"
"살파랑 2:운명의 시간"
"살파랑2: 운명의 시간"
"삼국지:용의 부활"
"삼총사"
"삼총사 1부"
"삼총사 2부"
"삼총사3D"
"삼총사3D 1부"
"삼총사3D 2부"
"상의원"
"상하이 나이츠"
"상하이 나이츠 1부"
"상하이 나이츠 2부"
"상하이 눈"
"새미의 어드벤쳐"
"새벽의 저주"
"새엄마는 외계인"
"새엄마는 외계인 1부"
"새엄마는 외계인 2부"
"색, 계"
"색계"
"색즉시공"
"색즉시공 1부"
"색즉시공 2"
"색즉시공 2부"
"색즉시공2"
"색즉시공2 1부"
"색즉시공2 2부"
"샌 안드레아스"
"생텀"
"생텀 1부"
"생텀 2부"
"샤크 나이트 3D"
"서른아홉, 열아홉"
"서양골동양과자점:앤티크"
"서울역"
"서유기2 : 선리기연"
"서유기2: 선리기연"
"서유기2:선리기연"
"서유기2:선리기연 1부"
"서유기2:선리기연 2부"
"서유기3:월광보합 리턴즈"
"서유기: 월광보합"
"서유기:월광보합"
"서칭 포 슈가맨"
"서툴지만, 사랑"
"선 오브 배트맨"
"선샤인"
"설계"
"설국열차"
"설녀"
"성난 변호사"
"성난 화가"
"성룡의 C.I.A"
"성룡의 CIA"
"성룡의C.I.A"
"성범죄수사대:SVU 시즌16"
"성범죄수사대:SVU 시즌17"
"성범죄수사대:SVU 시즌18"
"성범죄수사대:SVU 시즌18:미공개에피소드"
"성범죄전담반 SVU 시즌17"
"성실한 나라의 앨리스"
"성월동화"
"세 얼간이 1부"
"세 얼간이 2부"
"세계일주"
"세레나"
"세븐"
"세븐 데이즈"
"세븐 사이코패스"
"세븐 싸이코패스"
"세븐 싸이코패스 1부"
"세븐 싸이코패스 2부"
"세이빙 미스터 뱅크스"
"세이프"
"세이프 하우스"
"세이프 하우스 1부"
"세이프 하우스 2부"
"세인트"
"세인트 빈센트"
"세컨드 찬스"
"섹스 앤 더 시티 2"
"섹스 앤 더 시티:THE MOVIE"
"섹스 앤 더 시티:THEMOVIE"
"섹스가 다이어트에 미치는 영향"
"센티넬"
"셀룰러 1부"
"셀룰러 2부"
"셀프/리스"
"셀프리스"
"셔터 아일랜드"
"셜록"
"셜록 1"
"셜록 1부"
"셜록 2"
"셜록 2부"
"셜록 3"
"셜록 시즌1"
"셜록 시즌2"
"셜록 시즌3"
"셜록 시즌4"
"셜록 홈즈: 그림자 게임"
"셜록 홈즈:그림자 게임"
"셜록: 유령신부"
"셜록:유령신부"
"셜록홈즈"
"셜록홈즈:그림자 게임"
"셰임"
"소걸아:취권의 창시자"
"소걸아:취권의 창시자 1부"
"소걸아:취권의 창시자 2부"
"소공녀"
"소권괴초"
"소녀"
"소녀(2013)"
"소녀괴담"
"소녀괴담: 17살 여고생의 악몽"
"소녀괴담: 17살여고생의악몽"
"소녀괴담:17살여고생의악몽"
"소림 셔틀콕"
"소림사 18동인"
"소림사 2014"
"소림사 2014 1부"
"소림사 2014 2부"
"소림사:무림 적팔방"
"소셜 네트워크"
"소셜포비아"
"소스 코드"
"소울 서퍼"
"소울리스"
"소원"
"손님"
"솔드 아웃"
"솔로몬의 위증 전편:사건"
"솔로몬의 위증 후편:재판"
"솔트"
"송포유"
"쇼걸"
"쇼걸 1부"
"쇼걸 2부"
"쇼생크 탈출"
"쇼퍼홀릭"
"수상한 고객들"
"수상한 그녀"
"수상한 미용실"
"수춘도"
"수퍼내추럴 시즌11"
"수퍼내추럴 시즌12"
"수퍼맨 리턴즈"
"숙희"
"순수의 시대"
"순정"
"순정(2015)"
"숨바꼭질"
"숨바꼭질 (2005)"
"숨바꼭질(미개봉)"
"숲속으로"
"쉬즈 더 맨"
"슈렉 2"
"슈렉 3"
"슈렉 포에버"
"슈렉2"
"슈렉3"
"슈퍼 에이트"
"슈퍼 프렌즈"
"슈퍼걸"
"슈퍼걸 2"
"슈퍼걸2"
"슈퍼맨"
"슈퍼맨/배트맨: 퍼블릭 에너미"
"슈퍼맨/배트맨:퍼블릭 에너미"
"슈퍼버드"
"스네이크 아이"
"스네이크 아이즈"
"스네이크 온 어 플레인"
"스노우 화이트 앤 더 헌츠맨"
"스노우타임"
"스누피:더 피너츠 무비"
"스니치"
"스니치 1부"
"스니치 2부"
"스물"
"스워드 피쉬"
"스웹트 어웨이"
"스웹트 어웨이 1부"
"스웹트 어웨이 2부"
"스카우트"
"스카이 하이"
"스카이 하이 1부"
"스카이 하이 2부"
"스켈리턴 트윈스"
"스콜피온 킹"
"스쿨 오브 락"
"스크림 4G"
"스킨 트레이드"
"스킵트레이스:합동수사"
"스타더스트"
"스타쉽 트루퍼스"
"스타쉽 트루퍼스 1부"
"스타쉽 트루퍼스 2부"
"스타쉽 트루퍼스2"
"스타쉽 트루퍼스3 1부"
"스타쉽 트루퍼스3 2부"
"스타쉽 트루퍼스:인베이전"
"스타워즈 1:보이지 않는 위험"
"스타워즈 2:클론의 습격"
"스타워즈 3:시스의 복수"
"스타워즈 4:새로운 희망"
"스타워즈 5:제국의 역습"
"스타워즈 6 : 제다이의 귀환"
"스타워즈 6:제다이의 귀환"
"스타워즈 I:보이지 않는 위험"
"스타워즈 IV:새로운 희망"
"스타워즈 V:제국의 역습"
"스타워즈 VI:제다이의 귀환"
"스타워즈1: 보이지 않는 위험"
"스타워즈1:보이지 않는 위험"
"스타워즈2 : 클론의 습격"
"스타워즈2: 클론의 습격"
"스타워즈2:클론의 습격"
"스타워즈3 : 시스의 복수"
"스타워즈3: 시스의 복수"
"스타워즈3:시스의 복수"
"스타워즈4:새로운 희망"
"스타워즈4:새로운 희망 1부"
"스타워즈4:새로운 희망 2부"
"스타워즈5:제국의 역습"
"스타워즈5:제국의 역습 1부"
"스타워즈5:제국의 역습 2부"
"스타워즈6:제다이의 귀환"
"스타워즈6:제다이의 귀환 1부"
"스타워즈6:제다이의 귀환 2부"
"스타워즈:깨어난 포스"
"스타워즈:클론전쟁"
"스타워즈I : 보이지 않는 위험"
"스타워즈IV : 새로운 희망"
"스타워즈IV:새로운희망 1부"
"스타워즈IV:새로운희망 2부"
"스타워즈V : 제국의 역습"
"스타워즈VI : 제다이의 귀환"
"스타일 아이콘 아시아 2016"
"스타트렉 다크니스"
"스타트렉: 다크니스"
"스타트렉: 더 비기닝"
"스타트렉:네메시스"
"스타트렉:네메시스 1부"
"스타트렉:네메시스 2부"
"스타트렉:다크니스"
"스타트렉:더 비기닝"
"스타트렉:더 비기닝 1부"
"스타트렉:더 비기닝 2부"
"스탈린그라드"
"스탈린그라드 (2013)"
"스탠 바이 미"
"스탠리의 도시락"
"스테레오"
"스테레오 1부"
"스테레오 2부"
"스테이크 랜드"
"스텔스"
"스텔스 1부"
"스텔스 2부"
"스텝 업2:더 스트리트"
"스텝업:올인"
"스토커"
"스톤"
"스튜어트 리틀"
"스트레스를 부르는 그 이름 직장상사"
"스트레스를 부르는 그 이름 직장상사 2"
"스트레이트 아웃 오브 컴턴"
"스트레인저 댄 픽션"
"스트레인지 매직"
"스트로우 독스"
"스트리트 킹"
"스트리트파이터-춘리의전설"
"스트리트파이터:춘리의전설"
"스트리퍼 vs 늑대인간"
"스트리퍼vs늑대인간 1부"
"스트리퍼vs늑대인간 2부"
"스티브 잡스"
"스틸앨리스"
"스파이"
"스파이 넥스트 도어"
"스파이 넥스트 도어 1부"
"스파이 넥스트 도어 2부"
"스파이 브릿지"
"스파이(2013)"
"스파이(2015)"
"스파이더맨 2"
"스파이더맨 3"
"스파이더맨3"
"스파이더위크가의 비밀"
"스파클"
"스페셜리스트"
"스페이스 스테이션 76"
"스폰지밥"
"스푹스:MI5"
"스플래쉬"
"스피드"
"스피드 1부"
"스피드 2부"
"스피드 레이서"
"스피드2"
"스피시즈 1부"
"스피시즈 2"
"스피시즈 2부"
"스피시즈2 1부"
"스피시즈2 2부"
"슬로우 비디오"
"슬로우 비디오 1부"
"슬로우 비디오 2부"
"슬리피 할로우 2"
"시간이탈자"
"시베리안 에듀케이션"
"시스터 액트"
"시애틀의 잠 못 이루는 밤"
"시절인연"
"시즈닝 하우스"
"시즌 오브 더 위치:마녀 호송단"
"시체가 돌아왔다"
"시체가 돌아왔다 1부"
"시체가 돌아왔다 2부"
"시카고 PD 시즌4"
"시카고 저스티스"
"시카고 타자기"
"시카고 타자기 스페셜 : 비하인드 최초공개"
"시카고 타자기 스페셜: 비하인드 최초 공개"
"시크릿"
"시크릿 윈도우"
"식스 블릿츠"
"식스 블릿츠 1부"
"식스 블릿츠 2부"
"식스 블릿츠: 분노의 추적"
"식스 센스"
"식스데이 세븐나잇"
"식스티 세컨즈"
"신강시선생"
"신검전설"
"신기전"
"신데렐라"
"신데렐라 스토리"
"신데렐라(2015)"
"신들의 전쟁"
"신들의 전쟁 1부"
"신들의 전쟁 2부"
"신밧드와 미노타우르스의 대결전"
"신분을 숨겨라"
"신세계"
"신의 선물"
"신의 이름으로"
"신의 전사 (2014)"
"신의 한 수"
"신의한수"
"신이 보낸 사람"
"신혼부부, 러브다이어리"
"신혼부부, 러브다이어리 2"
"신혼부부, 러브다이어리2"
"신혼부부,러브다이어리"
"실미도"
"실버라이닝 플레이북"
"실버라이닝 플레이북 1부"
"실버라이닝 플레이북 2부"
"심야식당:극장판"
"심판자"
"심플라이프"
"싱 스트리트"
"싸인"
"싸인 시커"
"쌍화점"
"쌍화점 1부"
"쌍화점 2부"
"써니"
"써드 스타"
"써드 퍼슨"
"써로게이트"
"써커 펀치"
"썸니아"
"썸머 워즈"
"썸머워즈"
"쎄븐 플로어"
"쎄시봉"
"쏘우7"
"쏘우VII"
"쓰리 썸머 나잇"
"쓰리데이즈 투 킬"
"쓰리데이즈 투 킬 1부"
"쓰리데이즈 투 킬 2부"
"씬시티2: 다크히어로의 부활"
"씬시티2:다크히어로의 부활"
"씬시티: 다크히어로의 부활"
"씬시티:다크히어로의 부활"
"아가씨"
"아가씨:확장판"
"아나콘다"
"아나콘다2-사라지지않는 저주"
"아나콘다2: 사라지지않는 저주"
"아나콘다2:사라지지 않는 저주 1부"
"아나콘다2:사라지지 않는 저주 2부"
"아나콘다2:사라지지않는 저주"
"아나콘다2:사라지지않는 저주 1부"
"아나콘다2:사라지지않는 저주 2부"
"아내가 결혼했다"
"아더 우먼"
"아더 크리스마스"
"아더우먼"
"아드레날린 24"
"아드레날린 24 2"
"아드레날린 24:2"
"아드레날린24 2"
"아드레날린24: 2"
"아드레날린24:2"
"아라한 장풍대작전"
"아라한 장풍대작전 1부"
"아라한 장풍대작전 2부"
"아레나: 더 파이터"
"아레나:더 파이터"
"아레나:더파이터"
"아르고"
"아마겟돈"
"아머드"
"아메리칸 갱스터 1부"
"아메리칸 갱스터 2부"
"아메리칸 드림 인 차이나"
"아메리칸 머슬"
"아메리칸 스나이퍼"
"아메리칸 스윗하트"
"아메리칸 하이스트"
"아바타"
"아빠를 빌려드립니다"
"아수라(2016)"
"아스테릭스:신들의 전당"
"아이 로봇"
"아이 엠 샘"
"아이 인 더 스카이"
"아이 좀비"
"아이, 로봇"
"아이덴티티"
"아이돌이 너무해"
"아이돌이 너무해 1부"
"아이돌이 너무해 2부"
"아이들 1부"
"아이들 2부"
"아이스 에이지"
"아이스 에이지 2"
"아이스 에이지 3:공룡시대"
"아이스 에이지 4:대륙 이동설"
"아이스 에이지4: 대륙 이동설"
"아이스 에이지4:대륙 이동설"
"아이스 프린세스"
"아이언 맨:라이즈 오브 테크노보어"
"아이언 스카이"
"아이언맨"
"아이언맨 2"
"아이언맨 3"
"아이언맨2"
"아이언맨3"
"아이엠 넘버 포"
"아이즈 와이드 셧 1부"
"아이즈 와이드 셧 2부"
"아일랜드"
"아일랜드 1부"
"아일랜드 2부"
"아일랜드:시간을 훔치는 섬"
"아저씨"
"아쿠아마린"
"아트 오브 더 스틸"
"아티스트 봉만대"
"악령"
"악마가 너의 죽음을 알기전에"
"악마는 프라다를 입는다"
"악마는 프라다를 입는다 1부"
"악마는 프라다를 입는다 2부"
"악마의 놀이터"
"악마의 탄생"
"악의 연대기"
"악인은 살아 있다"
"안녕, 헤이즐"
"안전은 보장할 수 없음"
"알래스카"
"알래스카 1부"
"알래스카 2부"
"알렉스 크로스"
"알렉스 크로스 1부"
"알렉스 크로스 2부"
"알이씨 4:아포칼립스"
"알이씨4: 아포칼립스"
"알이씨4:아포칼립스"
"알이씨4:아포칼립스 1부"
"알이씨4:아포칼립스 2부"
"알투비: 리턴투베이스"
"알투비:리턴투베이스"
"알투비:리턴투베이스 1부"
"알투비:리턴투베이스 2부"
"알파 앤 오메가"
"암살"
"암살(2015)"
"암살게임"
"압솔롬 탈출"
"압솔롬 탈출 1부"
"압솔롬 탈출 2부"
"애간장"
"애나벨"
"애니"
"애들이 줄었어요"
"애마부인 2016"
"애인"
"애인(2015)"
"애타는 로맨스"
"애프터 라이프"
"애프터 라이프 1부"
"애프터 라이프 2부"
"애프터 어스"
"애프터 파티"
"애플시드 알파:인류최후의 희망"
"앤트맨"
"앨리스 : 원더랜드에서 온 소년"
"앱"
"앵그리버드 더 무비"
"앵그리스트맨"
"야관문 : 욕망의 꽃"
"야관문: 욕망의 꽃"
"야관문:욕망의 꽃"
"야성녀 아이비"
"양들의 침묵"
"양치기들"
"어거스트 러쉬"
"어거스트 에이트"
"어거스트 에이트 1부"
"어거스트 에이트 2부"
"어글리 트루스"
"어깨너머의 연인"
"어깨너머의 연인 1부"
"어깨너머의 연인 2부"
"어느날"
"어떤살인"
"어린왕자"
"어메이징 스파이더맨"
"어메이징 스파이더맨 2"
"어바웃 라스트 나잇"
"어바웃 체리"
"어바웃 타임"
"어벤저"
"어벤져스"
"어벤져스 2:에이지 오브 울트론"
"어벤져스2:에이지 오브 울트론"
"어브덕션"
"어비스:메가 샤크"
"어우동: 주인 없는 꽃"
"어우동:주인 없는 꽃"
"언 에듀케이션"
"언노운"
"언더 다크니스"
"언더 더 스킨"
"언더 씨즈"
"언더 씨즈 1부"
"언더 씨즈 2부"
"언더 씨즈2"
"언더 씨즈2 1부"
"언더 씨즈2 2부"
"언더월드 3:라이칸의 반란"
"언더월드 4:어웨이크닝"
"언더월드3: 라이칸의 반란"
"언더월드3:라이칸의 반란"
"언더월드4:어웨이크닝"
"언디스퓨티드:분노의 격투"
"언브레이커블"
"언브로큰"
"언브로큰(2014)"
"언셀러"
"언스토퍼블"
"언컨셔스"
"언터처블: 1% 의 우정"
"언터처블:1% 의 우정"
"언터처블:1%의 우정"
"언페이스풀"
"언페이스풀 1부"
"언페이스풀 2부"
"언프렌디드: 친구삭제"
"언프렌디드:친구삭제"
"얼굴도둑"
"얼라이브"
"업"
"업 (2009)"
"업(2009)"
"업사이드 다운"
"에너미 라인스"
"에너미 라인스 (2001)"
"에너미 라인스 3"
"에너미 라인스(2001)"
"에너미 라인스2 1부"
"에너미 라인스2 2부"
"에너미 라인스3 1부"
"에너미 라인스3 2부"
"에너미 앳 더 게이트"
"에너미 앳 더 게이트 1부"
"에너미 앳 더 게이트 2부"
"에너미 오브 스테이트"
"에라곤"
"에린 브로코비치"
"에반 올마이티"
"에반게리온Q"
"에베레스트"
"에베레스트(2015)"
"에브리바디 원츠 썸!!"
"에비던스"
"에비던스 1부"
"에비던스 2부"
"에어포스 원"
"에이리언"
"에이리언 2"
"에이리언 3"
"에이리언 4"
"에이리언 VS 프레데터"
"에이리언 VS 프레데터 2"
"에이리언 VS 프레데터2"
"에이리언 VS. 프레데터"
"에이리언2"
"에이리언2020"
"에이리언2020 1부"
"에이리언2020 2부"
"에이리언3"
"에이리언4"
"에이리언: 버뮤다 삼각지대"
"에이리언:버뮤다 삼각지대"
"에이지 오브 투모로우"
"에이트 빌로우"
"에이트 빌로우 1부"
"에이트 빌로우 2부"
"에일리언 비키니"
"에코"
"에픽 무비"
"에픽:숲 속의 전설"
"엑소더스:신들과 왕들"
"엑소시스트"
"엑스 마키나"
"엑스 파일: 나는 믿고 싶다"
"엑스 파일: 나는 믿고 싶다 1부"
"엑스 파일: 나는 믿고 싶다 2부"
"엑스 파일:나는 믿고 싶다"
"엑스맨"
"엑스맨 2"
"엑스맨 3:최후의 전쟁"
"엑스맨 탄생: 울버린"
"엑스맨 탄생:울버린"
"엑스맨2"
"엑스맨3:최후의 전쟁"
"엑스맨:데이즈 오브 퓨처 패스트"
"엑스맨:퍼스트 클래스"
"엑스파일 시즌10"
"엑시트 스피드"
"엑시트 스피드 1부"
"엑시트 스피드 2부"
"엑시트운즈"
"엔드 오브 데이즈"
"엔드 오브 데이즈 1부"
"엔드 오브 데이즈 2부"
"엔드 오브 디 어스"
"엔드 오브 왓치"
"엘렉트라"
"엘리멘트리 시즌3"
"엘리시움"
"엘리시움(2013)"
"엘리펀트 화이트"
"엘마리아치"
"엠파이어 스테이트"
"엣지 오브 투모로우"
"여교사"
"여의도"
"연가시"
"연가시 1부"
"연가시 2부"
"연애의 맛"
"연애의 목적"
"연애의 목적 1부"
"연애의 목적 2부"
"연애의 온도"
"연애의 온도 1부"
"연애의 온도 2부"
"열애"
"열애(2014)"
"열정같은 소리 하고있네"
"열정같은 소리하고있네"
"열정같은소리하고있네"
"열한시"
"엽기적인 그녀"
"엽기적인 그녀 2"
"엽문"
"엽문 3:최후의 대결"
"엽문2 1부"
"엽문2 2부"
"엽문3 1부"
"엽문3 2부"
"엽문4: 종극일전"
"엽문4:종극일전"
"영웅본색"
"영웅본색 1부"
"영웅본색 2부"
"영웅본색 3"
"영웅본색2"
"영웅본색2 1부"
"영웅본색2 2부"
"영화는 영화다"
"예스맨"
"오늘의 연애"
"오드 토머스"
"오디션"
"오만과 편견"
"오블리비언"
"오블리비언(2013)"
"오션스 13"
"오션스 일레븐"
"오션스 트웰브"
"오션스13"
"오스트레일리아"
"오싹한 연애"
"오즈 그레이트 앤드 파워풀"
"오직 그대만"
"오큘러스"
"오큘러스 1부"
"오큘러스 2부"
"오토마타"
"오퍼레이터"
"오프라인"
"오피스"
"옥보단 3"
"옥보단3"
"옥수수밭의 아이들"
"올 아메리칸:비키니 카워시"
"올드보이"
"올레"
"올모스트 페이머스"
"올모스트 휴먼"
"옹박 2015"
"와일드"
"와일드 세븐"
"와일드 와일드 웨스트"
"와일드 카드"
"와일드 카드 (2015)"
"와일드 카드(2015)"
"완득이"
"완득이 1부"
"완득이 2부"
"완벽한 파트너"
"왓 어 걸 원츠"
"왓 어 걸 원츠 1부"
"왓 어 걸 원츠 2부"
"왓 이프"
"왓치 1부"
"왓치 2부"
"왓치맨"
"왕의 남자"
"외사경찰"
"외인부대: 암살자들"
"왼편 마지막집"
"요괴도시"
"용의자"
"용의자X"
"용의자X 1부"
"용의자X 2부"
"용쟁호투"
"용쟁호투 1부"
"용쟁호투 2부"
"용주골"
"용주골(2015)"
"우는 남자"
"우리 선희"
"우리는 동물원을 샀다"
"우리는 형제입니다"
"우리들의 헤어진 여자친구"
"우먼 인 블랙:죽음의 천사"
"우아한 거짓말"
"우주전쟁"
"우주전쟁(2005)"
"우주전쟁:지구대침공"
"울트라바이올렛"
"울프"
"울프캅"
"울프캅 (2016)"
"울프캅(2016)"
"울학교 ET"
"워 호스"
"워리어스 웨이"
"워리어스 웨이 1부"
"워리어스 웨이 2부"
"워킹걸"
"워킹걸(2015)"
"워터 디바이너"
"워터 월드"
"원 밀리언 킥"
"원더우먼"
"원더풀 라디오"
"원데이"
"원스 어폰 어 타임"
"원스 어폰 어 타임 인 아메리카"
"원초적 본능"
"원티드"
"월 스트리트: 머니 네버 슬립스"
"월 스트리트:머니 네버 슬립스"
"월-E"
"월드 워 Z"
"월드 워Z"
"월드 워Z 1부"
"월드 워Z 2부"
"월터의 상상은 현실이 된다"
"웨딩 플라이트"
"웨딩스캔들"
"웨이백 1부"
"웨이백 2부"
"웨포나이즈드"
"웰컴 투 동막골"
"웰컴 투 사우스"
"위 스틸 킬"
"위 아 더 밀러스"
"위 워 솔저스"
"위대한 개츠비"
"위대한 개츠비(2013)"
"위대한 소원"
"위자"
"위층여자"
"위플래쉬"
"위험한 상견례"
"위험한 상견례 1부"
"위험한 상견례 2"
"위험한 상견례 2부"
"위험한 아르바이트"
"윈드 칠 1부"
"윈드 칠 2부"
"윈터스 테일"
"윌러드 1부"
"윌러드 2부"
"윗치 마운틴"
"유령 신부"
"유부녀들"
"유아 넥스트"
"유아낫유"
"유에프오"
"유주얼 서스펙트"
"유치원에 간 사나이"
"유치원에 간 사나이 1부"
"유치원에 간 사나이 2부"
"은밀하게 위대하게"
"은밀한 유혹(2015)"
"은밀한유혹(2015)"
"음란서생"
"음치클리닉"
"응징자"
"의뢰인"
"의형제"
"의형제 1부"
"의형제 2부"
"이글아이"
"이너프"
"이레이저"
"이머고"
"이미테이션 게임"
"이별계약"
"이보다 더 좋을 순 없다"
"이블데드"
"이블데드 2013"
"이블데드(2013)"
"이상한 나라의 앨리스"
"이스케이프 (2015)"
"이스케이프 플랜"
"이스케이프(2015)"
"이연걸의 정무문 1부"
"이연걸의 정무문 2부"
"이연걸의 태극권"
"이연걸의 태극권 1부"
"이연걸의 태극권 2부"
"이온플럭스"
"이웃사람"
"이장과 군수"
"이지A"
"이퀄스"
"이클립스"
"이클립스 1부"
"이클립스 2부"
"이태원 살인사건"
"이터널 선샤인"
"익스트림 OPS"
"익스펜더블 1부"
"익스펜더블 2부"
"인 더 블러드"
"인 타임"
"인공지능 남자친구"
"인디아나 존스 3:최후의 성전"
"인디아나 존스4:크리스탈 해골의 왕국"
"인디아나 존스:레이더스"
"인디아나존스 2:저주받은 사원"
"인디아나존스2-저주받은 사원"
"인디아나존스2:저주받은 사원"
"인디아나존스3-최후의 성전"
"인디아나존스3: 최후의 성전"
"인디아나존스3:최후의 성전"
"인디아나존스4-크리스탈 해골의 왕국"
"인디아나존스4:크리스탈 해골의 왕국"
"인디아나존스:레이더스"
"인디펜던스 데이"
"인류멸망보고서"
"인류멸종-좀비 바이러스"
"인베이젼"
"인베이젼 1부"
"인베이젼 2부"
"인보카머스"
"인사동 스캔들"
"인사이드 아웃"
"인서전트"
"인셉션"
"인시디어스"
"인시디어스: 두번째 집"
"인시디어스:두번째 집"
"인천상륙작전"
"인천상륙작전:확장판"
"인크레더블"
"인크레더블 헐크"
"인크레더블 헐크 1부"
"인크레더블 헐크 2부"
"인터내셔널"
"인터내셔널 1부"
"인터내셔널 2부"
"인터스텔라"
"인턴"
"인테로게이션"
"인텔리전스"
"인투 더 스톰"
"일 대 일"
"일개인적무림"
"일대일"
"일대종사"
"일탈여행: 프라이빗 아일랜드"
"일탈여행:프라이빗 아일랜드"
"잃어버린 세계를 찾아서"
"잃어버린 세계를 찾아서 2:신비의 섬"
"잃어버린 세계를 찾아서2: 신비의 섬"
"잉크 하트"
"잉크 하트 1부"
"잉크 하트 2부"
"잉투기"
"자매의 방"
"자바히트:살인면허"
"자칼이 온다"
"잡스"
"잡스 (2013)"
"잡아야 산다"
"장 클로드 반담"
"장고:분노의 추적자"
"장수상회"
"장화, 홍련"
"장화,홍련"
"장화신은 고양이"
"장화홍련"
"재심"
"잭 더 자이언트 킬러"
"잭 라이언: 코드네임 쉐도우"
"잭 라이언:코드네임 쉐도우"
"잭 리처"
"잭블랙의 창세기전"
"잭블랙의 창세기전 1부"
"잭블랙의 창세기전 2부"
"쟈니 잉글리쉬"
"쟈니 잉글리쉬2:네버다이"
"저스트 고 위드 잇"
"저스트 라이크 헤븐"
"저스티스"
"저스티스 리그: 더 플래쉬포인트 패러독스"
"저스티스 리그: 워"
"저스티스 리그:워"
"저스티스리그:렉스 루터의 부활"
"저지 드레드"
"저지 드레드 (2012)"
"저지 드레드(1995)"
"저지 드레드(2012)"
"저지 보이즈"
"저지드레드(2012)"
"적과의 동침"
"적도"
"적벽대전2:최후의 결전"
"적벽대전2:최후의 결전 1부"
"적벽대전2:최후의 결전 2부"
"적벽대전:거대한 전쟁의 시작"
"적벽대전:거대한 전쟁의 시작 1부"
"적벽대전:거대한 전쟁의 시작 2부"
"적인걸2- 신도해왕의 비밀"
"적인걸2: 신도해왕의 비밀"
"적인걸2:신도해왕의 비밀"
"적인걸2:신도해왕의 비밀 1부"
"적인걸2:신도해왕의 비밀 2부"
"적인걸2:신도해왕의비밀"
"전국노래자랑"
"전망 좋은 집"
"전망 좋은 집 1부"
"전망 좋은 집 2부"
"전설의 주먹"
"전우치"
"전원일기:젖소농장 새댁"
"젊은 엄마 2"
"젊은 엄마 3"
"젊은 엄마2"
"젊은 엄마:내 나이가 어때서"
"점쟁이들"
"점쟁이들 1부"
"점쟁이들 2부"
"점퍼"
"정무문"
"정무문 1부"
"정무문 2부"
"정무문:100대 1의 전설"
"정무문:100대1의 전설"
"제3의 사랑"
"제4구역: 컨테인먼트"
"제4구역:컨테인먼트"
"제5계급"
"제5원소"
"제5원소 1부"
"제5원소 2부"
"제7기사단"
"제88회 아카데미 시상식"
"제88회 아카데미 시상식 독점공개"
"제88회 아카데미 시상식 생중계"
"제88회 아카데미 시상식 하이라이트"
"제89회 아카데미 시상식"
"제89회 아카데미 시상식 생중계"
"제89회 아카데미 시상식 하이라이트"
"제로 다크 서티"
"제보자"
"젠틀맨리그"
"젠틀맨리그 1부"
"젠틀맨리그 2부"
"조나 헥스"
"조난자들"
"조난자들 1부"
"조난자들 2부"
"조선마술사"
"조선명탐정 2:사라진 놉의 딸"
"조선명탐정2: 사라진 놉의 딸"
"조선명탐정2:사라진 놉의 딸"
"조선명탐정2:사라진놉의딸"
"조선명탐정: 각시투구꽃의 비밀"
"조선명탐정:각시투구꽃의 비밀"
"조선명탐정:각시투구꽃의 비밀 1부"
"조선명탐정:각시투구꽃의 비밀 2부"
"조선명탐정:사라진 놉의 딸"
"조선미녀삼총사"
"조셉 고든 레빗의 69채널"
"조제, 호랑이 그리고 물고기들"
"조조-황제의 반란"
"조폭 마누라3"
"조폭 마누라3 1부"
"조폭 마누라3 2부"
"존 윅:리로드"
"존 카터: 바숨 전쟁의 서막"
"존 카터:바숨 전쟁의 서막"
"좀비 나이트"
"좀비 파이트 클럽"
"좀비: 새벽의 저주"
"좀비들의 섬:데드 시즌"
"좀비랜드"
"좀비솔져"
"좀비스쿨"
"종횡사해"
"좋아해줘"
"좋은 날"
"좋은 놈, 나쁜 놈, 이상한 놈"
"좋은 친구들"
"좋은친구들(2014)"
"죠스"
"주말 N 영화"
"주말부부"
"주먹이 운다"
"주성치의 장강7호"
"주성치의장강7호"
"주온: 끝의 시작"
"주온:끝의 시작"
"주온:더 파이널"
"주피터 어센딩"
"죽여주는 여자"
"죽여줘! 제니퍼"
"죽은 시인의 사회"
"죽이고 싶은 남자"
"줄루 범죄도시"
"줄루: 범죄도시"
"줄루:범죄도시"
"줄리&줄리아"
"중천"
"중화명탐정"
"쥬라기 공원"
"쥬라기 공원 2-잃어버린 세계"
"쥬라기 공원 2:잃어버린 세계"
"쥬라기 공원 3"
"쥬라기 공원2: 잃어버린 세계"
"쥬라기 공원3"
"쥬라기 월드"
"쥬라기 헌터"
"쥬만지"
"쥬만지 2 : 자투라어드벤처"
"쥬만지2: 자투라어드벤처"
"쥬만지2:자투라어드벤처"
"쥬만지2:자투라어드벤처 1부"
"쥬만지2:자투라어드벤처 2부"
"즐거운 경찰 1부"
"즐거운 경찰 2부"
"지.아이.조-전쟁의 서막"
"지.아이.조. 2"
"지.아이.조: 전쟁의 서막"
"지.아이.조:전쟁의 서막"
"지구가 멈추는 날"
"진격의 거인 PART1"
"진격의 거인 PART2"
"진격의 거인:자유의 날개"
"진격의 거인:홍련의 화살"
"진용"
"진주만"
"진주만 1부"
"진주만 2부"
"진짜로 일어날지도 몰라 기적"
"집으로 가는 길"
"짚의 방패"
"짝패"
"짝패 1부"
"짝패 2부"
"쩨쩨한 로맨스"
"찌라시: 위험한 소문"
"찌라시:위험한 소문"
"차우"
"차이나타운"
"차이나타운 2014"
"차이나타운(2014)"
"차이니즈 조디악"
"차일드 44"
"차형사"
"차형사 1부"
"차형사 2부"
"착한 여비서의 목적"
"착한여자"
"찰리와 초콜릿공장"
"참을 수 없는"
"창문 넘어 도망친 100세 노인"
"창문넘어 도망친 100세 노인"
"채씨 영화방"
"책도둑"
"챌린지 게임"
"챔프"
"처용"
"처용 2"
"처용2"
"처키의 신부"
"천국에 다녀온 소년"
"천녀유혼"
"천사와 악마"
"천재 사기꾼 돈:세상을 속여라"
"천하영웅 자객"
"천하영웅 자객 1부"
"천하영웅 자객 2부"
"천하칠검 양가장"
"철마류-가두살수"
"첩혈쌍웅"
"첫경험만 8번째"
"첫키스만 50번째"
"청춘"
"청춘학당 2:기생난입야사"
"청춘학당2: 기생난입야사"
"청춘학당:풍기문란 보쌈야사"
"청풍자"
"체인 리액션"
"체인 리액션 1부"
"체인 리액션 2부"
"체포왕"
"초능력자"
"초콜렛 도넛"
"초콜릿 시티"
"초한지:영웅의 부활"
"촉산"
"촉산전"
"최강 로맨스"
"최종병기 활"
"최종병기 활 1부"
"최종병기 활 2부"
"추격"
"추격자"
"추격자 1부"
"추격자 2부"
"취권"
"취권 1부"
"취권 2부"
"취권2"
"취권2 1부"
"취권2 2부"
"취화선"
"치외법권"
"친구 2"
"친구엄마"
"친구와 연인 사이"
"친구와 연인사이"
"친절한 금자씨"
"침입자들:로봇의 역습"
"카멜롯의 전설"
"카우보이 & 에이리언"
"카우보이 비밥:천국의 문"
"카운슬러"
"카운트 다운(태국)"
"카운트다운"
"카운트다운 1부"
"카운트다운 2부"
"카이 : 거울 호수의 전설"
"카이트"
"카이트 (2015)"
"카지노 잭"
"카크니스 VS 좀비스"
"카크니스vs좀비스"
"카크니즈 VS 좀비스"
"카페 소사이어티"
"캄포스"
"캅 카"
"캐리"
"캐리(2013)"
"캐리비안의 해적 2:망자의 함"
"캐리비안의 해적 3:세상의 끝에서"
"캐리비안의 해적 4:낯선 조류"
"캐리비안의 해적2: 망자의 함"
"캐리비안의 해적2:망자의 함"
"캐리비안의 해적3: 세상의 끝에서"
"캐리비안의 해적3:세상의 끝에서"
"캐리비안의 해적4: 낯선 조류"
"캐리비안의 해적4:낯선 조류"
"캐리비안의 해적: 블랙 펄의 저주"
"캐리비안의 해적:망자의 함"
"캐리비안의 해적:블랙 펄의 저주"
"캐리비안의 해적:블랙펄의 저주"
"캐리비안의해적4:낯선조류"
"캐리어스"
"캐빈 인 더 우즈"
"캐빈 인 더 우즈 1부"
"캐빈 인 더 우즈 2부"
"캐스퍼"
"캐슬 시즌7"
"캐슬 시즌8"
"캐치 헬"
"캐치 헬 1부"
"캐치 헬 2부"
"캔디 케인2:데드 어헤드"
"캡틴 아메리카:윈터 솔저"
"캡틴 필립스"
"캡틴줌"
"캡틴하록 3D"
"캡틴하록 3D 1부"
"캡틴하록 3D 2부"
"캡틴하록3D"
"캣우먼"
"커버넌트"
"커버넌트 1부"
"커버넌트 2부"
"커터"
"커플즈"
"커플즈 1부"
"커플즈 2부"
"컨뎀드"
"컨저링"
"컨트랙티드"
"컨트롤"
"컨트롤 (2013)"
"컨트롤 1부"
"컨트롤 2부"
"컨파인스"
"컬러풀 웨딩즈"
"컴퍼니 오브 히어로즈"
"컴퍼니 오브 히어로즈 1부"
"컴퍼니 오브 히어로즈 2부"
"코드네임 더 몰"
"코드명 J"
"코드명 J 1부"
"코드명 J 2부"
"코리아"
"코만도"
"코미디 빅리그"
"코브라"
"코알라"
"코어"
"코요테 어글리"
"코요테 어글리 1부"
"코요테 어글리 2부"
"콘 에어"
"콘스탄틴"
"콘트라밴드 1부"
"콘트라밴드 2부"
"콜드 워"
"콜드 인 줄라이 1부"
"콜드 인 줄라이 2부"
"콜드 하버"
"콜럼버스 써클"
"콜렉션"
"콜렉션 (2013)"
"콜렉션(2013)"
"콜렉터"
"콜로니: 지구 최후의 날"
"콜로니:지구 최후의 날"
"콜로니:지구 최후의 날 1부"
"콜로니:지구 최후의 날 2부"
"콜롬비아나"
"콜롬비아나 1부"
"콜롬비아나 2부"
"콩고"
"콰이어트 원"
"쾌찬차"
"쾌찬차 1부"
"쾌찬차 2부"
"쿨 러닝"
"쿵푸 팬더"
"쿵푸 팬더 2"
"쿵푸팬더"
"쿵푸팬더 2"
"쿵푸팬더 3"
"쿵푸허슬"
"쿼런틴"
"쿼런틴 2"
"쿼런틴2"
"퀵"
"퀵 앤 데드"
"퀸카가 아니어도 좋아"
"퀸카로 살아남는 법"
"크람푸스"
"크랭크인"
"크로니클"
"크리미널 마인드 시즌 11"
"크리미널 마인드 시즌10"
"크리미널 마인드 시즌11"
"크리미널 마인드 시즌12"
"크리미널 마인드 시즌6"
"크리미널 마인드 시즌7"
"크리미널 마인드 시즌8"
"크리미널 마인드 시즌9"
"크리미널마인드11"
"크림슨 타이드"
"크림슨 타이드 1부"
"크림슨 타이드 2부"
"크림슨 피크"
"클라우드 아틀라스"
"클로버필드"
"클로버필드 10번지"
"클로저"
"클로즈 레인지"
"클루리스"
"클리프 행어"
"클릭"
"클린스킨"
"키스 키스 뱅뱅"
"키핑 로지"
"킥 애스 2:겁 없는 녀석들"
"킥 애스2: 겁 없는 녀석들"
"킥 애스2:겁 없는 녀석들"
"킥 애스: 영웅의 탄생"
"킥 애스:영웅의 탄생"
"킬 미 쓰리 타임즈"
"킬 좀비"
"킬러 엘리트"
"킬러 엘리트 1부"
"킬러 엘리트 2부"
"킬러스"
"킬리만자로"
"킹 아더"
"킹 아더 1부"
"킹 아더 2부"
"킹덤 오브 헤븐"
"킹덤 오브 헤븐 1부"
"킹덤 오브 헤븐 2부"
"킹메이커"
"킹스 스피치"
"킹스맨:시크릿 에이전트"
"킹콩"
"킹콩 1부"
"킹콩 2부"
"킹콩(2005)"
"타미"
"타운"
"타워"
"타워 1부"
"타워 2부"
"타워블록"
"타이거 마운틴"
"타이밍"
"타이타닉"
"타이탄"
"타이탄의 분노"
"타임머신"
"타임머신 (2002)"
"타임머신 1부"
"타임머신 2부"
"타임캅"
"타잔 3D"
"타짜"
"타짜 1부"
"타짜 2부"
"타투"
"탈주자"
"탈주자 1부"
"탈주자 2부"
"탐정 홍길동:사라진 마을"
"탐정: 더 비기닝"
"탐정:더 비기닝"
"태극권: 무림7대고수전"
"태극권:무림7대고수전"
"태스크"
"태스크 1부"
"태스크 2부"
"태양의 제국"
"택시-더 맥시멈"
"택시: 더 맥시멈"
"택시:더 맥시멈"
"터널"
"터널 3D"
"터널 스페셜"
"터널(2016)"
"터네이셔스D"
"터미널"
"터미널 스피드 1부"
"터미널 스피드 2부"
"터미네이터 2"
"터미네이터 3"
"터미네이터 4:미래전쟁의 시작"
"터미네이터 5:제니시스"
"터미네이터2"
"터미네이터3"
"터미네이터4:미래전쟁의 시작"
"터미네이터4:미래전쟁의 시작 1부"
"터미네이터4:미래전쟁의 시작 2부"
"터미네이터5:제니시스"
"터치 바이 터치"
"터키"
"턱시도"
"테러 익스페리먼트"
"테러블 엔젤스"
"테레즈 라캥"
"테이크 다운"
"테이크 다운 (2013)"
"테이크다운 (2013)"
"테이크다운(2013)"
"테이큰"
"테이큰 1부"
"테이큰 2"
"테이큰 2부"
"테이큰 3"
"테이킹 라이브즈"
"테이킹 라이브즈 1부"
"테이킹 라이브즈 2부"
"테일러 오브 파나마 1부"
"테일러 오브 파나마 2부"
"텍사스 전기톱 연쇄살인사건 3D"
"텍사스 킬링 필드"
"토너먼트"
"토너먼트 1부"
"토너먼트 2부"
"토르 2:다크월드"
"토르2: 다크월드"
"토르2:다크월드"
"토르:천둥의 신"
"토이스토리 3"
"토이스토리3"
"토카레브:분노의 추격자"
"토카레브:분노의추격자"
"토탈리콜"
"토탈리콜 (1989)"
"톰과 제리:스파이퀘스트"
"퇴마:무녀굴"
"퇴마전:마령검의 비밀"
"투 나잇 스탠드"
"투 러버스"
"투건스"
"투리스터스"
"투모로우"
"투모로우랜드"
"투와이스 본"
"툼 레이더2 :판도라의 상자"
"툼 레이더2-판도라의 상자"
"툼 레이더2:판도라의 상자"
"툼스톤"
"툼스톤(2014)"
"트래쉬"
"트랜스"
"트랜스포머"
"트랜스포머 2:패자의 역습"
"트랜스포머 3"
"트랜스포머 4:사라진 시대"
"트랜스포머2: 패자의 역습"
"트랜스포머3"
"트랜스포머4 : 사라진 시대"
"트랜스포머4:사라진 시대"
"트랜스포머4:사라진시대"
"트랜스포머:사라진 시대"
"트랜스포터"
"트랜스포터 (2002)"
"트랜스포터 3:라스트미션"
"트랜스포터(2002)"
"트랜스포터2"
"트랜스포터3: 라스트미션"
"트랜스포터3:라스트미션"
"트랜스포터:리퓰드"
"트랩트"
"트랩트 (2002)"
"트로이"
"트로픽 썬더"
"트론: 새로운 시작"
"트론:새로운 시작"
"트롤 헌터"
"트루 라이즈"
"트루먼 쇼"
"트루스 오어 데어"
"트리플 X2: 넥스트 레벨"
"트리플 X2:넥스트 레벨"
"트리플 X2:넥스트 레벨 1부"
"트리플 X2:넥스트 레벨 2부"
"트리플 엑스 2 - 넥스트 레벨"
"트리플 엑스2: 넥스트 레벨"
"트리플X2: 넥스트레벨"
"트리플X2:넥스트 레벨"
"트리플X2:넥스트레벨"
"트리플엑스"
"트릭"
"트립 투 잉글랜드"
"특공 아미라"
"특별수사:사형수의 편지"
"특수본"
"특수본 1부"
"특수본 2부"
"티끌모아 로맨스"
"티끌모아 로맨스 1부"
"티끌모아 로맨스 2부"
"팀퍼틸 아이들"
"파 앤드 어웨이"
"파괴자"
"파괴자(2015)"
"파라노말 액티비티:더 마크드 원스"
"파수꾼"
"파이널 데스티네이션 3"
"파이널 데스티네이션 4"
"파이널 데스티네이션 5"
"파이널 데스티네이션3"
"파이널 데스티네이션4"
"파이널 데스티네이션5"
"파이널 판타지 1부"
"파이널 판타지 2부"
"파이어 위드 파이어"
"파이어:테러와의 전쟁"
"파이어스톰"
"파이어월"
"파이어월 1부"
"파이어월 2부"
"파이오니아"
"파이터"
"파이터:죽음의 토너먼트"
"파이트 클럽"
"파인딩 포레스터"
"파파로티"
"파파로티 1부"
"파파로티 2부"
"파퍼씨네 펭귄들"
"파프리카"
"판타스틱 4"
"판타스틱 4 II-실버서퍼의 위협"
"판타스틱 4(2015)"
"판타스틱 4-실버서퍼의 위협"
"판타스틱4"
"판타스틱4 II-실버서퍼의 위협"
"판타스틱4 II-실버서퍼의위협"
"판타스틱4(2015)"
"판타스틱4-실버서퍼의 위협"
"판타스틱4: 실버서퍼의 위협"
"판타스틱4:실버서퍼의 위협"
"팔로우"
"패닉룸"
"패딩턴"
"패션왕"
"패스터"
"패스트&퓨리어스:도쿄 드리프트"
"패스파인더"
"패스파인더 (2007)"
"패스파인더 1부"
"패스파인더 2부"
"패스파인더(2007)"
"패시파이어"
"패왕별희"
"팬"
"팬텀: 라스트 커맨더"
"팬텀:라스트 커맨더"
"퍼니셔"
"퍼니셔 (2004)"
"퍼니셔 2"
"퍼니셔(2004)"
"퍼니셔2"
"퍼블릭 에너미 (2009)"
"퍼스트 어벤져"
"퍼시 잭슨과 번개 도둑"
"퍼시잭슨과 괴물의 바다"
"퍼시잭슨과 번개 도둑"
"퍼시잭슨과 번개도둑"
"퍼시큐티드"
"퍼시픽 림"
"퍼펙트"
"퍼펙트 (2013)"
"퍼펙트 게임"
"퍼펙트 스톰"
"퍼펙트 스트레인저"
"퍼펙트 스트레인저 (2007)"
"펀치 드렁크 러브"
"페르마의 밀실"
"페르시아의 왕자: 시간의 모래"
"페르시아의 왕자:시간의 모래"
"페르시아의 왕자:시간의 모래 1부"
"페르시아의 왕자:시간의 모래 2부"
"페어게임"
"페어런트 트랩"
"페이 더 고스트"
"페이백"
"페이백 1부"
"페이백 2부"
"페이스 메이커"
"페이스 오프"
"페이첵"
"페이트 스테이 나이트-무한의 검제 1부"
"페이트 스테이 나이트-무한의 검제 2부"
"페이퍼 타운"
"페이퍼맨"
"페인 앤 게인"
"페인리스"
"펠로니"
"펠햄 123"
"펠햄123 1부"
"펠햄123 2부"
"평양성"
"평양성 1부"
"평양성 2부"
"포가튼:잊혀진 소녀"
"포비든 리얼리티"
"포세이돈"
"포세이돈 1부"
"포세이돈 2부"
"포스 오브 원"
"포스트맨"
"포스트맨 (1997)"
"포스트맨 1부"
"포스트맨 2부"
"포스트맨(1997)"
"포인트 브레이크"
"포제션:악령의 상자"
"포커스"
"포화속으로"
"폭스캐처"
"폭스캐쳐"
"폰부스"
"폰티풀"
"폴리스 스토리 2014"
"폴리스 스토리 2014 1부"
"폴리스 스토리 2014 2부"
"폴리스 스토리4"
"폼페이: 최후의 날 (2014)"
"폼페이:최후의 날"
"폼페이:최후의 날 (2014)"
"폼페이:최후의 날 1부"
"폼페이:최후의 날 2부"
"폼페이:최후의 날(2014)"
"표적"
"표적(2014)"
"푸른 산호초"
"푸른 산호초 1부"
"푸른 산호초 2부"
"푸른 산호초2"
"푸른 산호초2 1부"
"푸른 산호초2 2부"
"푸른 소금"
"푸른 소금 1부"
"푸른 소금 2부"
"푸른소금"
"풀보이즈"
"풍산개"
"풍운"
"풍운 1부"
"풍운 2부"
"퓨리"
"프라미스드 랜드"
"프라이멀 피어"
"프라이버시"
"프라이빗스쿨"
"프라이트 나이트"
"프라이트 나이트 2"
"프라이트 나이트(2011)"
"프라이트 나이트2"
"프랑켄슈타인: 불멸의 영웅"
"프랑켄슈타인:불멸의 영웅"
"프랑켄위니"
"프랭크"
"프레데터"
"프레데터2"
"프레데터스"
"프레셔"
"프레스티지"
"프레지던트 메이커"
"프렌즈 위드 베네핏"
"프렌즈:몬스터섬의 비밀"
"프렌즈:몬스터섬의 비밀 (더빙)"
"프로메테우스"
"프로즌 그라운드"
"프로즌 프레데터"
"프로포즈"
"프로포즈 (2009)"
"프로포즈(2009)"
"프리미엄 러쉬"
"프리스트"
"프리스트(2011)"
"프리윌리 3"
"프리즈너스"
"프리즌 브레이크 리턴즈"
"프리퀀시"
"프리퀀시 1부"
"프리퀀시 2부"
"프리키 프라이데이"
"프릭스"
"프린세스 다이어리"
"프린세스 다이어리 2"
"프린세스다이어리 1부"
"프린세스다이어리 2부"
"프린세스다이어리2 1부"
"프린세스다이어리2 2부"
"플라스틱"
"플라이 미 투 더 문"
"플라이트"
"플라이트플랜"
"플래닛 바이러스: 화성 최후의 날"
"플래닛 바이러스:화성 최후의 날"
"플래시드"
"플래시드:더 파이널 챕터"
"플래툰"
"플래툰 1부"
"플래툰 2부"
"플랜맨"
"플러버"
"플러스 원"
"플레이스 비욘드 더 파인즈"
"플로렌스"
"플립"
"피너츠송"
"피닉스"
"피라냐"
"피라냐 2"
"피라냐 2(2011)"
"피라냐2"
"피라미드"
"피리부는 사나이"
"피치 퍼펙트:언프리티걸즈"
"피터팬"
"피터팬 (2003)"
"피터팬(2003)"
"피해자들"
"픽업 아티스트"
"필로미나의 기적"
"필스"
"하녀"
"하녀(2010)"
"하늘에서 음식이 내린다면"
"하늘에서 음식이 내린다면 2"
"하늘에서 음식이 내린다면2"
"하드 콥스"
"하드 콥스 1부"
"하드 콥스 2부"
"하드데이"
"하모니"
"하빈저 다운"
"하와이 파이브 오 시즌5"
"하와이 파이브-오 시즌5"
"하와이 파이브-오 시즌6"
"하와이 파이브-오 시즌7"
"하우 투 비 싱글"
"하우스 오브 왁스"
"하울링"
"하이브리드"
"하트 오브 더 씨"
"하프 패스트 데드"
"하프 패스트 데드 1부"
"하프 패스트 데드 2부"
"한공주"
"한나"
"한니발"
"한반도"
"한번도 안해본 여자"
"함정"
"함정(2015)"
"핫칙"
"해결사"
"해리포터와 마법사의 돌"
"해리포터와 마법사의 돌 1부"
"해리포터와 마법사의 돌 2부"
"해리포터와 불사조 기사단"
"해리포터와 불의 잔"
"해리포터와 비밀의 방"
"해리포터와 비밀의 방 1부"
"해리포터와 비밀의 방 2부"
"해리포터와 아즈카반의 죄수"
"해리포터와 아즈카반의 죄수 1부"
"해리포터와 아즈카반의 죄수 2부"
"해리포터와 죽음의 성물 1부"
"해리포터와 죽음의 성물 2부"
"해리포터와 죽음의 성물:1부"
"해리포터와 죽음의 성물:2부"
"해리포터와 죽음의 성물:PART2"
"해리포터와 혼혈 왕자"
"해무"
"해운대"
"해운대 1부"
"해운대 2부"
"해적: 위대한 영웅"
"해적:위대한 영웅"
"해프닝"
"해피피트"
"해피피트 2"
"해피피트2"
"해피피트2 1부"
"해피피트2 2부"
"핵소 고지"
"핸드폰"
"핸즈 오브 스톤"
"핸콕"
"핸콕 1부"
"핸콕 2부"
"행복을 찾아서"
"행오버 3"
"행오버3"
"행운을 돌려줘"
"허니문"
"허드슨 호크"
"허밍버드"
"허비 첫 시동을 걸다"
"허트 로커"
"헌티드 맨션"
"헌티드 하우스"
"헌팅 인 살렘: 악령의 마을"
"헐크"
"헤드"
"헤드윅"
"헤드헌터"
"헤라클레스: 전설의부활"
"헤라클레스:전설의 부활"
"헤라클레스:전설의부활"
"헤어스프레이"
"헤이라이드:죽음의 마을"
"헤이츠"
"헤이츠 1부"
"헤이츠 2부"
"헤이트풀8"
"헤일로:나이트폴"
"헤픈젤:비밀의 몸캠"
"헨젤과 그레텔:마녀사냥꾼"
"헬 베이비"
"헬레이저: 레버레이션"
"헬레이저:레버레이션"
"헬로우 고스트"
"헬머니"
"헬보이"
"헬보이 2:골든 아미"
"헬보이2: 골든 아미"
"헬보이2:골든 아미"
"헬프"
"혈적자: 황제암살단"
"혈적자:황제암살단"
"혈적자:황제암살단 1부"
"혈적자:황제암살단 2부"
"형"
"형사 가제트"
"형사가제트"
"호드"
"호스텔"
"호스트"
"호스티지"
"호프 로스트"
"호프 스프링즈"
"혹성의 위기"
"혹성탈출"
"혹성탈출 (1968)"
"혹성탈출 (2001)"
"혹성탈출 1부"
"혹성탈출 2부"
"혹성탈출(2001)"
"혹성탈출: 진화의 시작"
"혹성탈출:반격의 서막"
"혹성탈출:진화의 시작"
"혼숨"
"홀리모터스"
"홍금보의 보디가드"
"홍길동의 후예"
"화녀'82"
"화려한 휴가"
"화벽"
"화벽 1부"
"화벽 2부"
"화양:당대최고수전"
"화양:당대최고수전 1부"
"화양:당대최고수전 2부"
"화이: 괴물을 삼킨 아이"
"화이:괴물을 삼킨 아이"
"화이트 갓"
"화이트 아웃"
"화이트 아웃 1부"
"화이트 아웃 2부"
"화이트 칙스"
"화이트 칙스 1부"
"화이트 칙스 2부"
"화이트 칼라 시즌6"
"화이트 하우스 다운"
"화장"
"화차"
"화피2"
"환상의 빛"
"황금 나침반 1부"
"황금 나침반 2부"
"황금나침반"
"황비홍"
"황비홍2-남아당자강"
"황비홍2:남아당자강"
"황비홍3:사왕쟁패"
"황산벌"
"황제를 위하여"
"회사원"
"회사원 1부"
"회사원 2부"
"효자동 이발사"
"훅트"
"휴고"
"흐르는 강물처럼"
"히 후 데어"
"히 후 데어2: 런던 테러리스트"
"히든 스나이퍼"
"히든 페이스"
"히든카드"
"히말라야"
"히야"
"히어로"
"히트"
"히트 (1995)"
"히트 (2013)"
"히트 스트로크"
"히트(2013)"
"히트맨"
"히트맨 1부"
"히트맨 2부"
"히트맨:에이전트 47"
"힐즈 아이즈"
"힐즈 아이즈2"
"힘내세요, 병헌씨"
