"10,000BC"
"1000 최후의전사들"
"10억"
"127시간"
"12라운드"
"12몽키즈"
"13고스트"
"13번째전사"
"13일의금요일"
"1999,면회"
"19곰테드2"
2012
21
"21점프스트리트"
"22블렛"
"26년"
"28일후"
"28주후"
300
"300 제국의부활"
"400데이즈"
"44인치가슴"
"47로닌"
"500일의썸머"
"5백만불의사나이"
"7공주대리운전"
"7광구"
"7급공무원"
"7번방의선물"
"7번째아들"
"8마일"
"8월의크리스마스"
"90분"
"A 특공대"
AI
AgentX
"CJ7 장강7호"
"DC레전드오브투모로우"
ET
"F학점첩보원"
GP506
K2
"RIPD유령퇴치전담반"
"SWAT 파이어파이트"
"SWAT2 파이어파이트"
"SWAT특수기동대"
"S테이프"
"가디언스"
"가디언즈"
"가디언즈오브갤럭시"
"가라데파이터"
"가려진시간"
"가루지기"
"가름워즈 마지막예언자"
"가문의영광4 가문의수난"
"가문의영광5 가문의귀환"
"가문의위기"
"가비"
"가시"
"가위손"
"가타카"
"간기남"
"간신"
"간첩"
"간츠"
"갈증"
"감기"
"감시자들"
"갓블레스아메리카"
"강남1970"
"강철대오 구국의철가방"
"강철중 공공의적1 1"
"개구쟁이스머프"
"개구쟁이스머프2"
"개들의전쟁"
"개를훔치는완벽한방법"
"갤로우즈"
"갱스터스쿼드"
"거룩한계보"
"거북이달린다"
"거인"
"거침없이쏴라!슛뎀업"
"건"
"건축학개론"
"건파이터"
"걷기왕"
"걸리버여행기"
"검사외전"
"검우강호"
"검은사제들"
"검은손"
"겁나는여친의완벽한비밀"
"게임플랜"
"겜블러"
"겟스마트"
"겟어웨이"
"겨울왕국"
"결정적한방"
"결혼은미친짓이다"
"결혼전야"
"경마장가는길"
"경성학교 사라진소녀들"
"경주"
"고고70"
"고담"
"고령화가족"
"고백"
"고백할수없는"
"고산자,대동여지도"
"고스트라이더"
"고스트라이더3D 복수의화신"
"고스트스톰"
"고스트오브컨저링"
"고스트팀원"
"고스트헌터 얼음몬스터의부활"
"고양이를부탁해"
"고양이소녀"
"고인돌가족"
"고지전"
"고질라"
"고티카"
"곤투마로우"
"골"
"골!"
"골드랜섬"
"골드시나"
"공공의적"
"공공의적2"
"공범"
"공정사회"
"공즉시색"
"공즉시색2015"
"과속스캔들"
"관능의법칙"
"관상"
"관음증"
"광해 왕이된남자"
"광해,왕이된남자"
"괴물"
"괴물의아이"
"구르믈버서난달처럼"
"구해줘"
"구해줘 바이블"
"국가대표"
"국가대표2"
"국제시장"
"군도 민란의시대"
"굿가이스"
"굿다이노"
"굿럭척"
"굿메리지"
"굿모닝맨하탄"
"굿모닝에브리원"
"굿바이싱글"
"궁녀"
"권순분여사납치사건"
"귀곡성 귀신을부르는소리"
"귀신이산다"
"귀여운여인"
"그날의분위기"
"그놈목소리"
"그놈이다"
"그대를사랑합니다"
"그랑블루"
"그래버스"
"그래비티"
"그랜드부다페스트호텔"
"그랜드피아노"
"그랜토리노"
"그레이스오브모나코"
"그레이의50가지그림자"
"그로운업스"
"그루지매치"
"그리다이언갱"
"그린랜턴 반지의선택"
"그린존"
"그린호넷"
"그림자살인"
"그시절,우리가좋아했던소녀"
"그여자작사그남자작곡"
"극락도살인사건"
"극비수사"
"극장판이니셜D레전드1"
"극장판이니셜D레전드2"
"극장판하늘의유실물 시계태엽의엔젤로이드"
"극적인하룻밤"
"글래디에이터"
"글로리데이"
"글로리아"
"글리머맨"
"기사윌리엄"
"기술자들"
"기억속에퍼즐"
"김종욱찾기"
"깡철이"
"꼬마니콜라의여름방학"
"꼬마돼지베이브"
"꼭두각시"
"꿀벌대소동"
"끝과시작"
"끝까지간다"
"나,다니엘블레이크"
"나가요미스콜"
"나는공무원이다"
"나는네가지난여름에한일을알고있다"
"나는왕이로소이다"
"나는전설이다"
"나니아연대기"
"나니아연대기 사자,마녀그리고옷장"
"나니아연대기 새벽출정호의항해"
"나니아연대기 캐스피언왕자"
"나니아연대기2 캐스피언왕자"
"나니아연대기3 새벽출정호의항해"
"나다니엘블레이크"
"나도때론포르노그라피의주인공이고싶다"
"나를미치게하는여자"
"나를잊지말아요"
"나를찾아줘"
"나를책임져,알피"
"나비효과"
"나쁜녀석들"
"나쁜녀석들2"
"나쁜놈은죽는다"
"나쁜수업"
"나쁜이웃들"
"나우유씨미 마술사기단"
"나우유씨미2"
"나의PS파트너"
"나의그리스식웨딩2"
"나의사랑나의신부"
"나의산티아고"
"나의절친악당들"
"나이스가이"
"나이트메어"
"나이트크롤러"
"나이트플라이트"
"나인마일즈"
"나인마일즈다운"
"나잇&데이"
"나잇앤데이"
"나탈리"
"나홀로집에"
"나홀로집에2"
"나홀로집에3"
"나홀로휴가"
"날,보러와요"
"남과여"
"남영동1985"
"남자사용설명서"
"남쪽으로튀어"
"내가살인범이다"
"내가잠들기전에"
"내겐너무가벼운그녀"
"내겐너무과분한그녀"
"내겐너무아찔한그녀"
"내깡패같은애인"
"내남자"
"내남자사용법"
"내남자사용법2"
"내니맥피 우리유모는마법사"
"내니맥피2 유모와마법소동"
"내마음의풍금"
"내생애최고의데이트"
"내셔널트레져"
"내셔널트레져2"
"내셔널트레져2 비밀의책"
"내심장을쏴라"
"내아내의모든것"
"내여친은사이보그"
"내연애의기억"
"내이름은칸"
"내일의죠"
"너는펫"
"너스3D"
"넘버스스테이션"
"네고시에이터"
"네트"
"넥스트"
"노굿디드"
"노굿디드2014"
"노리개"
"노마드 더비기닝"
"노벰버맨"
"노브레싱"
"노아"
"노원리브스 잔혹한살인마"
"노인을위한나라는없다"
"노잉"
"노조키메"
"노크,노크"
"노토리어스 위험한특종"
"노트북"
"노팅힐"
"녹색의자"
"녹색의자2013"
"녹색의자2013 러브컨셉츄얼리"
"누나친구"
"눈의여왕"
"눈의여왕2 트롤의마법거울"
"눈의여왕3 눈과불의마법대결"
"뉴욕은언제나사랑중"
"늑대소년"
"늑대아이"
"늑대인간 더오리지널"
"니드포스피드"
"니모를찾아서"
"니키타"
"닉오브타임"
"닌자어쌔신"
"닌자터틀"
"님포매니악Vol1"
"님포매니악Vol2"
"님프,피의요정"
"다시,사랑을꿈꾸다"
"다우더"
"다이노소어어드벤처"
"다이버전트시리즈 얼리전트"
"다이브"
"다이하드"
"다이하드 굿데이투다이"
"다이하드2"
"다이하드3"
"다이하드40"
"다잉오브라이트"
"다크나이트"
"다크나이트라이즈"
"다크맨"
"다크섀도우"
"다크스페이스"
"다크시티"
"다크아워"
"다크엔젤 FALLEN"
"다크엔젤 FALLEN2"
"다크엔젤 FALLEN3"
"다크월드 이퀄리브리엄"
"다크월드3D"
"다크타이드"
"다크트루스"
"다크플레이스"
"달사람"
"달콤한백수와사랑만들기"
"당백호점추향"
"당신없는일주일"
"당신은몇번째인가요?"
"당신은아직아무것도보지못했다"
"당신이잠든사이에"
"대결"
"대니쉬걸"
"대니콜린스"
"대배우"
"대통령의딸"
"대학살의신"
"대호"
"댄싱퀸"
"더건맨"
"더게스트"
"더게임"
"더기버 기억전달자"
"더기프트"
"더덴"
"더라이트 악마는있다"
"더랍스터"
"더레버넌트"
"더레이븐"
"더로드"
"더로버"
"더로프트 비밀의방"
"더록"
"더리치 죽음의사막"
"더마린"
"더마린2"
"더매직 리틀톰과도둑공주"
"더바디"
"더보이넥스트도어"
"더브레이브"
"더블"
"더블타겟"
"더블팀"
"더비지트"
"더빅이어"
"더셰프"
"더스토리"
"더씽"
"더울버린"
"더웨이브"
"더웹툰 예고살인"
"더이퀄라이저"
"더인비트위너스 섹스온더비치"
"더임파서블"
"더저지"
"더커널"
"더코드오브카인"
"더코어"
"더콜"
"더킬러스"
"더타겟"
"더테너 리리코스핀토"
"더티해리"
"더파이브"
"더퍼지"
"더퍼지 거리의반란"
"더포저"
"더폰"
"더플레이어"
"더헌트"
"더홈즈맨"
"덕수리5형제"
"덕혜옹주"
"덤앤더머2"
"덤앤더머투"
"덫,치명적인유혹"
"데드스노우2"
"데드캠프3"
"데드캠프4"
"데드캠프5"
"데드폴"
"데드풀"
"데모닉"
"데몰리션"
"데몰리션맨"
"데미안"
"데블"
"데블스에드버킷"
"데블스오운"
"데스레이스"
"데스센텐스"
"데스티네이션"
"데어데블"
"데자뷰"
"데저트댄서"
"델마와루이스"
"델타포스"
"도가니"
"도둑들"
"도리화가"
"도망자"
"도망자2"
"도성풍운"
"도학위룡"
"도희야"
"독수리오형제"
"돈비어프레이드 어둠속의속삭임"
"돈비어프레이드 어둠의속삭임"
"돌연변이"
"돌핀테일"
"돔헤밍웨이"
"동갑내기과외하기"
"동네의영웅"
"동방삼협"
"동주"
"동창회의목적"
"동호회의목적"
"돼지같은여자"
"돼지의왕"
"두개의연애"
"두근두근내인생"
"두남자"
"두사부일체"
"두여자"
"둠"
"둠스데이 지구최후의날"
"듀데이트"
"듀스비갈로2 유로피안지골로"
"듀얼"
"듀얼 스페셜프리뷰"
"드라이브"
"드라이브쓰루"
"드라큘라 전설의시작"
"드래곤길들이기"
"드래곤길들이기2"
"드래곤볼 에볼루션"
"드래곤볼에볼루션"
"드래곤블레이드"
"드래곤에이지"
"드래곤펄"
"드래곤하트"
"드림걸즈"
"드림캐쳐"
"드림팀"
"드림하우스"
"들개들"
"들어는봤니?모건부부"
"등산의목적"
"디너게임"
"디바이드"
"디센던트"
"디스민즈워"
"디스이즈디엔드"
"디스커넥트"
"디스터비아"
"디스트릭트9"
"디아블로"
"디오드라이프오브티모시그린"
"디테일스"
"딜리버리맨"
"딥라이징"
"딥블루씨"
"따라지 비열한거리"
"땡스포쉐어링"
"땡큐,대디"
"라디오스타"
"라따뚜이"
"라라랜드"
"라밤바"
"라붐"
"라스트갓파더"
"라스트데이즈"
"라스트맨스탠딩"
"라스트사무라이"
"라스트스탠드"
"라스트액션히어로"
"라스트에어벤더"
"라스트위치헌터"
"라스트캐슬"
"라스트홈"
"라이엇"
"라이온킹"
"라이프"
"라이프오브파이"
"라자루스"
"라푼젤"
"락아웃 익스트림미션"
"락오브에이지"
"람보"
"람보2"
"람보3"
"랑야방 권력의기록"
"랜드오브데드"
"랭고"
"러덜리스"
"러브&드럭스"
"러브,로지"
"러브라이브!더스쿨아이돌무비"
"러브레이스"
"러브레터"
"러브액츄얼리"
"러브픽션"
"러블리본즈"
"러시 더라이벌"
"러시더라이벌"
"러시아워"
"러시아워2"
"러시아워3"
"럭키"
"런닝맨"
"런던블러바드"
"런던해즈폴른"
"런올나이트"
"레고DC코믹스수퍼히어로즈"
"레고무비"
"레고배트맨 더무비"
"레드"
"레드 더레전드"
"레드 웨어울프헌터"
"레드드래곤"
"레드라이딩후드"
"레드플래닛"
"레모니스니켓의위험한대결"
"레볼루셔너리로드"
"레볼루션아일랜드"
"레스큐돈"
"레옹"
"레이드 첫번째습격"
"레이드2"
"레이스"
"레이어케이크"
"레인오브파이어"
"레전드"
"레전드오브래빗"
"레전드오브조로"
"레즈비언뱀파이어킬러"
"레지던트이블 댐네이션"
"레지던트이블3 인류의멸망"
"레지던트이블4 끝나지않은전쟁"
"레퀴엠포어킬러"
"렌트"
"렛미인"
"렛츠비캅스"
"령 저주받은사진"
"로렉스"
"로리타"
"로맨틱레시피"
"로맨틱홀리데이"
"로미오머스트다이"
"로미오와줄리엣"
"로봇,소리"
"로봇G"
"로빈후드"
"로스트"
"로스트리버"
"로스트인더스트"
"로스트인스페이스"
"로즈우드"
"론레인저"
"론리플레이스투다이"
"론서바이버"
"롤러코스터"
"롤플레이"
"롤플레이2 동침"
"롱키스굿나잇"
"루시"
"루시퍼"
"루저스"
"루퍼"
"룸13"
"리그레션"
"리디머 최후의심판자"
"리딕"
"리메이닝"
"리미트리스"
"리버레이터 자유를위해"
"리버와일드"
"리스본행야간열차"
"리썰웨폰"
"리얼스틸"
"리오2"
"리저너블다우트"
"리전"
"리치리치"
"리크루트"
"리턴드"
"리턴투센더"
"리틀보이"
"리펜턴스"
"리포맨"
"리플레이스먼트킬러"
"립반윙클의신부"
"링컨 뱀파이어헌터"
"링컨차를타는변호사"
"마고리엄의장난감백화점"
"마녀사냥꾼"
"마님"
"마다가스카3 이번엔서커스다!"
"마담뺑덕"
"마당을나온암탉"
"마더"
"마데아 증인보호프로그램"
"마돈나"
"마드모아젤C"
"마리앙투아네트"
"마린3 홈랜드"
"마린보이"
"마릴린먼로와함께한일주일"
"마법사의제자"
"마법에걸린사랑"
"마법의성"
"마블 슈퍼히어로군단의비밀"
"마블의75년 대중문화의히어로가되다"
"마션"
"마스크"
"마스크메이커"
"마스터"
"마스터앤드커맨더"
"마신자 빨간옷소녀의저주"
"마이너리티리포트"
"마이너클럽"
"마이더스어드벤처"
"마이리틀히어로"
"마이웨이"
"마인드헌터"
"마지막군단"
"마터스"
"마틸다"
"만추"
"말레피센트"
"말죽거리잔혹사"
"말할수없는비밀"
"매드맥스"
"매드맥스 분노의도로"
"매드맥스2"
"매드맥스3"
"매직마이크XXL"
"매직인더문라이트"
"매트릭스"
"매트릭스2 리로디드"
"매트릭스3 레볼루션"
"맥스페인"
"맥시멈리스크"
"맥시멈컨빅션"
"맥카닉 마지막추격"
"맨발의꿈"
"맨오브스틸"
"맨오브타이치"
"맨온파이어"
"맨인블랙"
"맨인블랙2"
"맨프롬UNCLE"
"맹룡과강"
"머큐리"
"머펫모스트원티드"
"먹고기도하고사랑하라"
"메가마인드"
"메가피라냐"
"메리다와마법의숲"
"메모리얼데이"
"메이드인차이나"
"메이즈러너"
"메이즈러너 스코치트라이얼"
"메이즈헌터 살인곰의습격"
"메이크유어무브"
"메탈리카스루더네버"
"멜로홀릭"
"멜로홀릭번외편"
"멜리스"
"명량"
"명왕성"
"명탐정코난극장판 루팡3세VS명탐정코난"
"명탐정코난극장판 루팡VS코난"
"명탐정코난극장판 미궁의십자로"
"명탐정코난극장판 화염의해바라기"
"모뉴먼츠맨 세기의작전"
"모데카이"
"모두의천사가디"
"모든비밀스러운것들"
"모멘텀"
"모모와다락방의수상한요괴들"
"모민의방"
"모범시민"
"모비딕"
"모스트바이어런트"
"모스트원티드맨"
"몬스터"
"몬스터VS에이리언"
"몬스터대학교"
"몬스터주식회사"
"몬스터즈"
"몬스터즈2 죽음의대륙"
"몬스터헌트"
"몬스터호텔"
"몬테카를로"
"몽키킹2 서유기여정의시작"
"몽타주"
"무간도"
"무간도2"
"무간도3"
"무뢰한"
"무방비도시"
"무사"
"무서운이야기2"
"무서운이야기3 화성에서온소녀"
"무수단"
"무영검"
"무한대를본남자"
"문라이즈킹덤"
"물랑루즈"
"뮤직네버스탑"
"뮤턴트둠스데이"
"미나문방구"
"미나미양장점의비밀"
"미녀는괴로워"
"미녀삼총사"
"미녀삼총사2"
"미녀전쟁"
"미니언즈"
"미션임파서블"
"미션임파서블 고스트프로토콜"
"미션임파서블2"
"미션임파서블3"
"미션임파서블4 고스트프로토콜"
"미션임파서블5 로그네이션"
"미션투마스"
"미스메도우"
"미스에이전트"
"미스에이전트2 라스베가스잠입사건"
"미스체인지"
"미스터&미세스스미스"
"미스터고"
"미스터노바디"
"미스터앤미세스스미스"
"미스터캣"
"미스터토렌테<카지노를털어라!!!>"
"미스터하이네켄"
"미스트"
"미스트리스아메리카"
"미쓰GO"
"미쓰와이프"
"미씽 사라진여자"
"미안해사랑해고마워"
"미이라"
"미이라 황제의부활"
"미이라2"
"미이라3 황제의무덤"
"미트더스파르탄"
"미트페어런츠3"
"미팅이블"
"미확인동영상"
"밀그램프로젝트"
"밀리언달러암"
"밀리언웨이즈"
"밀정"
"바디에일리언"
"바디오브라이즈"
"바람과함께사라지다"
"바람의검심"
"바람의검심 교토대화재편"
"바람의검심2 교토대화재편"
"바람의검심3 전설의최후편"
"바리새인"
"바빌론AD"
"바스터즈 거친녀석들"
"바이럴팩터"
"바이센티니얼맨"
"바이킹덤 신과의전쟁"
"바쿠만"
"박물관이살아있다"
"박물관이살아있다 비밀의무덤"
"박물관이살아있다2"
"박물관이살아있다3 비밀의무덤"
"박수건달"
"박쥐"
"반지의제왕 두개의탑"
"반지의제왕 반지원정대"
"반지의제왕 왕의귀환"
"반지의제왕2 두개의탑"
"반지의제왕3 왕의귀환"
"반창꼬"
"반헬싱"
"발광하는현대사"
"발렌타인"
"밤의여왕"
"방가?방가!"
"방황하는칼날"
"배꼽"
"배드애스"
"배우는배우다"
"배트맨"
"배트맨 고담나이트"
"배트맨 수어사이드스쿼드의탄생"
"배트맨 언더더레드후드"
"배트맨2"
"배트맨vs로빈"
"배트맨비긴즈"
"배트맨이어원"
"배틀쉽"
"배틀스타갤럭티카 블러드앤크롬"
"백발마녀전"
"백발마녀전 명월천국"
"백사대전"
"백악관최후의날"
"백여우전설"
"백투더비기닝"
"백투더퓨쳐"
"백투더퓨쳐2"
"백트랙"
"밴티지포인트"
"뱀파이어와의인터뷰"
"뱀파이어의습격"
"뱀파이어탐정"
"뱅크레이디"
"버닝브라이트"
"버드맨"
"버레스크"
"버크셔전기톱살인사건"
"버킷리스트 죽기전에꼭하고싶은것들"
"버티칼리미트"
"범죄와의전쟁"
"범죄의여왕"
"베니싱"
"베드"
"베를린"
"베스트엑조틱메리골드호텔2"
"베스트오브미"
"베스트오퍼"
"베스트키드"
"베어"
"베오울프"
"베이비데이아웃"
"베이컨시"
"베이트"
"베테랑"
"벤데타 피의복수"
"벤자민버튼의시간은거꾸로간다"
"벤허"
"벨라키스"
"보이스"
"보이스 놓치지말아야할이야기"
"보이스스페셜"
"보이후드"
"보통사람"
"본레거시"
"본슈프리머시"
"본아이덴티티"
"본얼티메이텀"
"본콜렉터"
"본투비블루"
"볼케이노"
"봄"
"봉배도저"
"봉이김선달"
"부당거래"
"부산행"
"분노의질주"
"분노의질주 더세븐"
"분노의질주 더오리지널"
"분노의질주 언리미티드"
"분노의질주2"
"분노의질주6 더맥시멈"
"분닥세인트2"
"불릿투더헤드"
"불신지옥"
"불이신탐"
"붉은바캉스검은웨딩"
"뷰티풀크리처스"
"브레이브하트"
"브레이크아웃"
"브레이킹던PART1"
"브로큰시티"
"브로큰애로우"
"브루스올마이티"
"브루클린의멋진주말"
"브리짓존스의일기"
"브리짓존스의일기2 열정과애정"
"브릭맨션 통제불능범죄구역"
"브이포벤데타"
"블라인드"
"블라인드디텍티브"
"블라인드사이드"
"블라인드스팟"
"블랙"
"블랙매스"
"블랙미스터리스페셜"
"블랙스완"
"블랙스페셜"
"블랙씨"
"블랙앤화이트 불량형사들"
"블랙코드"
"블러드"
"블러드글래셔 알프스의살인빙하"
"블러드다이아몬드"
"블러드리벤지"
"블러드타이즈"
"블레어위치"
"블레이드"
"블레이드2"
"블레이드3"
"블레이드러너"
"블렌디드"
"블루발렌타인"
"블루재스민"
"블링링"
"비밀"
"비밀리애"
"비밀애"
"비밀은없다"
"비바"
"비상계엄"
"비스티보이즈"
"비열한거리"
"비우티풀"
"비정규직특수요원"
"비치슬랩"
"비틀스 에잇데이즈어위크 투어링이어즈"
"비포선라이즈"
"비포선셋"
"비행기"
"빅"
"빅게임"
"빅매치"
"빅미라클"
"빅웨딩"
"빅피쉬"
"빅히어로"
"빅히트"
"빨간모자의진실2"
"사과"
"사대명포"
"사대명포2"
"사대명포3 종극대결전"
"사도"
"사랑과영혼"
"사랑과전쟁 극장판"
"사랑보다아름다운유혹"
"사랑보다황금"
"사랑에대한모든것"
"사랑에도저작권이있나요?"
"사랑은타이핑중!"
"사랑이이긴다"
"사랑하기때문에"
"사망유희"
"사물의비밀"
"사보타지"
"사보타지2014"
"사운드오브뮤직"
"사울의아들"
"사이버러버"
"사이비"
"사이코메트리"
"사일런트힐 레버레이션"
"사일런트힐 레버레이션3D"
"사죄의왕"
"사탄의인형2"
"산다"
"산타바바라"
"살인소설"
"살인의뢰"
"살인의추억"
"살인재능"
"살인캠프"
"살파랑2 운명의시간"
"삼국지 용의부활"
"삼총사"
"삼총사3D"
"상의원"
"상하이나이츠"
"상하이눈"
"새미의어드벤쳐"
"새벽의저주"
"새엄마는외계인"
"색,계"
"색계"
"색즉시공"
"색즉시공2"
"샌안드레아스"
"생텀"
"샤크나이트3D"
"서른아홉,열아홉"
"서양골동양과자점 앤티크"
"서울역"
"서유기 월광보합"
"서유기2 선리기연"
"서유기3 월광보합리턴즈"
"서칭포슈가맨"
"서툴지만,사랑"
"선샤인"
"선오브배트맨"
"설계"
"설국열차"
"설녀"
"성난변호사"
"성난화가"
"성룡의CIA"
"성실한나라의앨리스"
"성월동화"
"세계일주"
"세레나"
"세븐"
"세븐데이즈"
"세븐사이코패스"
"세븐싸이코패스"
"세얼간이"
"세이빙미스터뱅크스"
"세이프"
"세이프하우스"
"세인트"
"세인트빈센트"
"세컨드찬스"
"섹스가다이어트에미치는영향"
"섹스앤더시티 THEMOVIE"
"섹스앤더시티2"
"센티넬"
"셀룰러"
"셀프/리스"
"셀프리스"
"셔터아일랜드"
"셜록"
"셜록 유령신부"
"셜록1"
"셜록2"
"셜록3"
"셜록홈즈"
"셜록홈즈 그림자게임"
"셰임"
"소걸아 취권의창시자"
"소공녀"
"소권괴초"
"소녀"
"소녀괴담"
"소녀괴담 17살여고생의악몽"
"소림사 무림적팔방"
"소림사18동인"
"소림사2014"
"소림셔틀콕"
"소셜네트워크"
"소셜포비아"
"소스코드"
"소울리스"
"소울서퍼"
"소원"
"손님"
"솔드아웃"
"솔로몬의위증전편 사건"
"솔로몬의위증후편 재판"
"솔트"
"송포유"
"쇼걸"
"쇼생크탈출"
"쇼퍼홀릭"
"수상한고객들"
"수상한그녀"
"수상한미용실"
"수춘도"
"수퍼맨리턴즈"
"숙희"
"순수의시대"
"순정"
"숨바꼭질"
"숲속으로"
"쉬즈더맨"
"슈렉2"
"슈렉3"
"슈렉포에버"
"슈퍼걸"
"슈퍼걸2"
"슈퍼맨"
"슈퍼맨/배트맨 퍼블릭에너미"
"슈퍼버드"
"슈퍼에이트"
"슈퍼프렌즈"
"스네이크아이"
"스네이크아이즈"
"스네이크온어플레인"
"스노우타임"
"스노우화이트앤더헌츠맨"
"스누피 더피너츠무비"
"스니치"
"스물"
"스워드피쉬"
"스웹트어웨이"
"스카우트"
"스카이하이"
"스켈리턴트윈스"
"스콜피온킹"
"스쿨오브락"
"스크림4G"
"스킨트레이드"
"스킵트레이스 합동수사"
"스타더스트"
"스타쉽트루퍼스"
"스타쉽트루퍼스 인베이전"
"스타쉽트루퍼스2"
"스타쉽트루퍼스3"
"스타워즈 깨어난포스"
"스타워즈 클론전쟁"
"스타워즈1 보이지않는위험"
"스타워즈2 클론의습격"
"스타워즈3 시스의복수"
"스타워즈4 새로운희망"
"스타워즈5 제국의역습"
"스타워즈6 제다이의귀환"
"스타워즈I 보이지않는위험"
"스타워즈IV 새로운희망"
"스타워즈V 제국의역습"
"스타워즈VI 제다이의귀환"
"스타일아이콘아시아2016"
"스타트렉 네메시스"
"스타트렉 다크니스"
"스타트렉 더비기닝"
"스타트렉다크니스"
"스탈린그라드"
"스탠리의도시락"
"스탠바이미"
"스테레오"
"스테이크랜드"
"스텔스"
"스텝업 올인"
"스텝업2 더스트리트"
"스토커"
"스톤"
"스튜어트리틀"
"스트레스를부르는그이름직장상사"
"스트레스를부르는그이름직장상사2"
"스트레이트아웃오브컴턴"
"스트레인저댄픽션"
"스트레인지매직"
"스트로우독스"
"스트리트킹"
"스트리트파이터 춘리의전설"
"스트리퍼vs늑대인간"
"스티브잡스"
"스틸앨리스"
"스파이"
"스파이넥스트도어"
"스파이더맨2"
"스파이더맨3"
"스파이더위크가의비밀"
"스파이브릿지"
"스파클"
"스페셜리스트"
"스페이스스테이션76"
"스폰지밥"
"스푹스 MI5"
"스플래쉬"
"스피드"
"스피드2"
"스피드레이서"
"스피시즈"
"스피시즈2"
"슬로우비디오"
"슬리피할로우2"
"시간이탈자"
"시베리안에듀케이션"
"시스터액트"
"시애틀의잠못이루는밤"
"시절인연"
"시즈닝하우스"
"시체가돌아왔다"
"시카고저스티스"
"시카고타자기"
"시크릿"
"시크릿윈도우"
"식스데이세븐나잇"
"식스블릿츠"
"식스블릿츠 분노의추적"
"식스센스"
"식스티세컨즈"
"신강시선생"
"신검전설"
"신기전"
"신데렐라"
"신데렐라스토리"
"신들의전쟁"
"신밧드와미노타우르스의대결전"
"신분을숨겨라"
"신세계"
"신의선물"
"신의이름으로"
"신의전사"
"신의한수"
"신이보낸사람"
"신혼부부,러브다이어리"
"신혼부부,러브다이어리2"
"실미도"
"실버라이닝플레이북"
"심야식당 극장판"
"심판자"
"심플라이프"
"싱스트리트"
"싸인"
"싸인시커"
"쌍화점"
"써니"
"써드스타"
"써드퍼슨"
"써로게이트"
"써커펀치"
"썸니아"
"썸머워즈"
"쎄븐플로어"
"쎄시봉"
"쏘우7"
"쏘우VII"
"쓰리데이즈투킬"
"쓰리썸머나잇"
"씬시티 다크히어로의부활"
"씬시티2 다크히어로의부활"
"아가씨"
"아가씨 확장판"
"아나콘다"
"아나콘다2 사라지지않는저주"
"아내가결혼했다"
"아더우먼"
"아더크리스마스"
"아드레날린24"
"아드레날린24 2"
"아드레날린242"
"아라한장풍대작전"
"아레나 더파이터"
"아르고"
"아마겟돈"
"아머드"
"아메리칸갱스터"
"아메리칸드림인차이나"
"아메리칸머슬"
"아메리칸스나이퍼"
"아메리칸스윗하트"
"아메리칸하이스트"
"아바타"
"아빠를빌려드립니다"
"아수라"
"아스테릭스 신들의전당"
"아이,로봇"
"아이덴티티"
"아이돌이너무해"
"아이들"
"아이로봇"
"아이스에이지"
"아이스에이지2"
"아이스에이지3 공룡시대"
"아이스에이지4 대륙이동설"
"아이스프린세스"
"아이언맨"
"아이언맨 라이즈오브테크노보어"
"아이언맨2"
"아이언맨3"
"아이언스카이"
"아이엠넘버포"
"아이엠샘"
"아이인더스카이"
"아이좀비"
"아이즈와이드셧"
"아일랜드"
"아일랜드 시간을훔치는섬"
"아저씨"
"아쿠아마린"
"아트오브더스틸"
"아티스트봉만대"
"악령"
"악마가너의죽음을알기전에"
"악마는프라다를입는다"
"악마의놀이터"
"악마의탄생"
"악의연대기"
"악인은살아있다"
"안녕,헤이즐"
"안전은보장할수없음"
"알래스카"
"알렉스크로스"
"알이씨4 아포칼립스"
"알투비 리턴투베이스"
"알파앤오메가"
"암살"
"암살게임"
"압솔롬탈출"
"애간장"
"애나벨"
"애니"
"애들이줄었어요"
"애마부인2016"
"애인"
"애타는로맨스"
"애프터라이프"
"애프터어스"
"애프터파티"
"애플시드알파 인류최후의희망"
"앤트맨"
"앨리스 원더랜드에서온소년"
"앱"
"앵그리버드더무비"
"앵그리스트맨"
"야관문 욕망의꽃"
"야성녀아이비"
"양들의침묵"
"양치기들"
"어거스트러쉬"
"어거스트에이트"
"어글리트루스"
"어깨너머의연인"
"어느날"
"어떤살인"
"어린왕자"
"어메이징스파이더맨"
"어메이징스파이더맨2"
"어바웃라스트나잇"
"어바웃체리"
"어바웃타임"
"어벤저"
"어벤져스"
"어벤져스2 에이지오브울트론"
"어브덕션"
"어비스 메가샤크"
"어우동 주인없는꽃"
"언노운"
"언더다크니스"
"언더더스킨"
"언더씨즈"
"언더씨즈2"
"언더월드3 라이칸의반란"
"언더월드4 어웨이크닝"
"언디스퓨티드 분노의격투"
"언브레이커블"
"언브로큰"
"언셀러"
"언스토퍼블"
"언에듀케이션"
"언컨셔스"
"언터처블 1%의우정"
"언페이스풀"
"언프렌디드 친구삭제"
"얼굴도둑"
"얼라이브"
"업"
"업사이드다운"
"에너미라인스"
"에너미라인스2"
"에너미라인스3"
"에너미앳더게이트"
"에너미오브스테이트"
"에라곤"
"에린브로코비치"
"에반게리온Q"
"에반올마이티"
"에베레스트"
"에브리바디원츠썸!!"
"에비던스"
"에어포스원"
"에이리언"
"에이리언 버뮤다삼각지대"
"에이리언2"
"에이리언2020"
"에이리언3"
"에이리언4"
"에이리언VS프레데터"
"에이리언VS프레데터2"
"에이지오브투모로우"
"에이트빌로우"
"에일리언비키니"
"에코"
"에픽 숲속의전설"
"에픽무비"
"엑소더스 신들과왕들"
"엑소시스트"
"엑스마키나"
"엑스맨"
"엑스맨 데이즈오브퓨처패스트"
"엑스맨 퍼스트클래스"
"엑스맨2"
"엑스맨3 최후의전쟁"
"엑스맨탄생 울버린"
"엑스파일 나는믿고싶다"
"엑시트스피드"
"엑시트운즈"
"엔드오브데이즈"
"엔드오브디어스"
"엔드오브왓치"
"엘렉트라"
"엘리시움"
"엘리펀트화이트"
"엘마리아치"
"엠파이어스테이트"
"엣지오브투모로우"
"여교사"
"여의도"
"연가시"
"연애의맛"
"연애의목적"
"연애의온도"
"열애"
"열정같은소리하고있네"
"열한시"
"엽기적인그녀"
"엽기적인그녀2"
"엽문"
"엽문2"
"엽문3"
"엽문3 최후의대결"
"엽문4 종극일전"
"영웅본색"
"영웅본색2"
"영웅본색3"
"영화는영화다"
"예스맨"
"오늘의연애"
"오드토머스"
"오디션"
"오만과편견"
"오블리비언"
"오션스13"
"오션스일레븐"
"오션스트웰브"
"오스트레일리아"
"오싹한연애"
"오즈그레이트앤드파워풀"
"오직그대만"
"오큘러스"
"오토마타"
"오퍼레이터"
"오프라인"
"오피스"
"옥보단3"
"옥수수밭의아이들"
"올드보이"
"올레"
"올모스트페이머스"
"올모스트휴먼"
"올아메리칸 비키니카워시"
"옹박2015"
"와일드"
"와일드세븐"
"와일드와일드웨스트"
"와일드카드"
"완득이"
"완벽한파트너"
"왓어걸원츠"
"왓이프"
"왓치"
"왓치맨"
"왕의남자"
"외사경찰"
"외인부대 암살자들"
"왼편마지막집"
"요괴도시"
"용의자"
"용의자X"
"용쟁호투"
"용주골"
"우는남자"
"우리는동물원을샀다"
"우리는형제입니다"
"우리들의헤어진여자친구"
"우리선희"
"우먼인블랙 죽음의천사"
"우아한거짓말"
"우주전쟁"
"우주전쟁 지구대침공"
"울트라바이올렛"
"울프"
"울프캅"
"울학교ET"
"워리어스웨이"
"워킹걸"
"워터디바이너"
"워터월드"
"워호스"
"원더우먼"
"원더풀라디오"
"원데이"
"원밀리언킥"
"원스어폰어타임"
"원스어폰어타임인아메리카"
"원초적본능"
"원티드"
"월 E"
"월드워Z"
"월스트리트 머니네버슬립스"
"월터의상상은현실이된다"
"웨딩스캔들"
"웨딩플라이트"
"웨이백"
"웨포나이즈드"
"웰컴투동막골"
"웰컴투사우스"
"위대한개츠비"
"위대한소원"
"위스틸킬"
"위아더밀러스"
"위워솔저스"
"위자"
"위층여자"
"위플래쉬"
"위험한상견례"
"위험한상견례2"
"위험한아르바이트"
"윈드칠"
"윈터스테일"
"윌러드"
"윗치마운틴"
"유령신부"
"유부녀들"
"유아낫유"
"유아넥스트"
"유에프오"
"유주얼서스펙트"
"유치원에간사나이"
"은밀하게위대하게"
"은밀한유혹"
"음란서생"
"음치클리닉"
"응징자"
"의뢰인"
"의형제"
"이글아이"
"이너프"
"이레이저"
"이머고"
"이미테이션게임"
"이별계약"
"이보다더좋을순없다"
"이블데드"
"이블데드2013"
"이상한나라의앨리스"
"이스케이프"
"이스케이프플랜"
"이연걸의정무문"
"이연걸의태극권"
"이온플럭스"
"이웃사람"
"이장과군수"
"이지A"
"이퀄스"
"이클립스"
"이태원살인사건"
"이터널선샤인"
"익스트림OPS"
"익스펜더블"
"인공지능남자친구"
"인더블러드"
"인디아나존스 레이더스"
"인디아나존스2 저주받은사원"
"인디아나존스3 최후의성전"
"인디아나존스4 크리스탈해골의왕국"
"인디펜던스데이"
"인류멸망보고서"
"인류멸종 좀비바이러스"
"인베이젼"
"인보카머스"
"인사동스캔들"
"인사이드아웃"
"인서전트"
"인셉션"
"인시디어스"
"인시디어스 두번째집"
"인천상륙작전"
"인천상륙작전 확장판"
"인크레더블"
"인크레더블헐크"
"인타임"
"인터내셔널"
"인터스텔라"
"인턴"
"인테로게이션"
"인텔리전스"
"인투더스톰"
"일개인적무림"
"일대일"
"일대종사"
"일탈여행 프라이빗아일랜드"
"잃어버린세계를찾아서"
"잃어버린세계를찾아서2 신비의섬"
"잉크하트"
"잉투기"
"자매의방"
"자바히트 살인면허"
"자칼이온다"
"잡스"
"잡아야산다"
"장고 분노의추적자"
"장수상회"
"장클로드반담"
"장화,홍련"
"장화신은고양이"
"장화홍련"
"재심"
"잭더자이언트킬러"
"잭라이언 코드네임쉐도우"
"잭리처"
"잭블랙의창세기전"
"쟈니잉글리쉬"
"쟈니잉글리쉬2 네버다이"
"저스트고위드잇"
"저스트라이크헤븐"
"저스티스"
"저스티스리그 더플래쉬포인트패러독스"
"저스티스리그 렉스루터의부활"
"저스티스리그 워"
"저지드레드"
"저지보이즈"
"적과의동침"
"적도"
"적벽대전 거대한전쟁의시작"
"적벽대전2 최후의결전"
"적인걸2 신도해왕의비밀"
"전국노래자랑"
"전망좋은집"
"전설의주먹"
"전우치"
"전원일기 젖소농장새댁"
"젊은엄마 내나이가어때서"
"젊은엄마2"
"젊은엄마3"
"점쟁이들"
"점퍼"
"정무문"
"정무문 100대1의전설"
"제3의사랑"
"제4구역 컨테인먼트"
"제5계급"
"제5원소"
"제7기사단"
"제로다크서티"
"제보자"
"젠틀맨리그"
"조나헥스"
"조난자들"
"조선마술사"
"조선명탐정 각시투구꽃의비밀"
"조선명탐정 사라진놉의딸"
"조선명탐정2 사라진놉의딸"
"조선미녀삼총사"
"조셉고든레빗의69채널"
"조제,호랑이그리고물고기들"
"조조 황제의반란"
"조폭마누라3"
"존윅 리로드"
"존카터 바숨전쟁의서막"
"좀비 새벽의저주"
"좀비나이트"
"좀비랜드"
"좀비솔져"
"좀비스쿨"
"좀비파이트클럽"
"종횡사해"
"좋아해줘"
"좋은날"
"좋은놈,나쁜놈,이상한놈"
"좋은친구들"
"죠스"
"주말부부"
"주먹이운다"
"주성치의장강7호"
"주온 끝의시작"
"주온 더파이널"
"주피터어센딩"
"죽여주는여자"
"죽여줘!제니퍼"
"죽은시인의사회"
"죽이고싶은남자"
"줄루 범죄도시"
"줄루범죄도시"
"줄리&줄리아"
"중천"
"중화명탐정"
"쥬라기공원"
"쥬라기공원2 잃어버린세계"
"쥬라기공원3"
"쥬라기월드"
"쥬라기헌터"
"쥬만지"
"쥬만지2 자투라어드벤처"
"즐거운경찰"
"지구가멈추는날"
"지아이조 전쟁의서막"
"지아이조2"
"진격의거인 자유의날개"
"진격의거인 홍련의화살"
"진격의거인PART1"
"진격의거인PART2"
"진용"
"진주만"
"진짜로일어날지도몰라기적"
"집으로가는길"
"짚의방패"
"짝패"
"쩨쩨한로맨스"
"찌라시 위험한소문"
"차우"
"차이나타운"
"차이나타운2014"
"차이니즈조디악"
"차일드44"
"차형사"
"착한여비서의목적"
"착한여자"
"찰리와초콜릿공장"
"참을수없는"
"창문넘어도망친100세노인"
"채씨영화방"
"책도둑"
"챌린지게임"
"챔프"
"처용"
"처용2"
"처키의신부"
"천국에다녀온소년"
"천녀유혼"
"천사와악마"
"천재사기꾼돈 세상을속여라"
"천하영웅자객"
"천하칠검양가장"
"철마류 가두살수"
"첩혈쌍웅"
"첫경험만8번째"
"첫키스만50번째"
"청춘"
"청춘학당 풍기문란보쌈야사"
"청춘학당2 기생난입야사"
"청풍자"
"체인리액션"
"체포왕"
"초능력자"
"초콜렛도넛"
"초콜릿시티"
"초한지 영웅의부활"
"촉산"
"촉산전"
"최강로맨스"
"최종병기활"
"추격"
"추격자"
"취권"
"취권2"
"취화선"
"치외법권"
"친구2"
"친구엄마"
"친구와연인사이"
"친절한금자씨"
"침입자들 로봇의역습"
"카멜롯의전설"
"카우보이&에이리언"
"카우보이비밥 천국의문"
"카운슬러"
"카운트다운"
"카이 거울호수의전설"
"카이트"
"카지노잭"
"카크니스VS좀비스"
"카크니스vs좀비스"
"카크니즈VS좀비스"
"카페소사이어티"
"캄포스"
"캅카"
"캐리"
"캐리비안의해적 망자의함"
"캐리비안의해적 블랙펄의저주"
"캐리비안의해적2 망자의함"
"캐리비안의해적3 세상의끝에서"
"캐리비안의해적4 낯선조류"
"캐리어스"
"캐빈인더우즈"
"캐스퍼"
"캐치헬"
"캔디케인2 데드어헤드"
"캡틴아메리카 윈터솔저"
"캡틴줌"
"캡틴필립스"
"캡틴하록3D"
"캣우먼"
"커버넌트"
"커터"
"커플즈"
"컨뎀드"
"컨저링"
"컨트랙티드"
"컨트롤"
"컨파인스"
"컬러풀웨딩즈"
"컴퍼니오브히어로즈"
"코드네임더몰"
"코드명J"
"코리아"
"코만도"
"코브라"
"코알라"
"코어"
"코요테어글리"
"콘스탄틴"
"콘에어"
"콘트라밴드"
"콜드워"
"콜드인줄라이"
"콜드하버"
"콜럼버스써클"
"콜렉션"
"콜렉터"
"콜로니 지구최후의날"
"콜롬비아나"
"콩고"
"콰이어트원"
"쾌찬차"
"쿨러닝"
"쿵푸팬더"
"쿵푸팬더2"
"쿵푸팬더3"
"쿵푸허슬"
"쿼런틴"
"쿼런틴2"
"퀵"
"퀵앤데드"
"퀸카가아니어도좋아"
"퀸카로살아남는법"
"크람푸스"
"크랭크인"
"크로니클"
"크림슨타이드"
"크림슨피크"
"클라우드아틀라스"
"클로버필드"
"클로버필드10번지"
"클로저"
"클로즈레인지"
"클루리스"
"클리프행어"
"클릭"
"클린스킨"
"키스키스뱅뱅"
"키핑로지"
"킥애스 영웅의탄생"
"킥애스2 겁없는녀석들"
"킬러스"
"킬러엘리트"
"킬리만자로"
"킬미쓰리타임즈"
"킬좀비"
"킹덤오브헤븐"
"킹메이커"
"킹스맨 시크릿에이전트"
"킹스스피치"
"킹아더"
"킹콩"
"타미"
"타운"
"타워"
"타워블록"
"타이거마운틴"
"타이밍"
"타이타닉"
"타이탄"
"타이탄의분노"
"타임머신"
"타임캅"
"타잔3D"
"타짜"
"타투"
"탈주자"
"탐정 더비기닝"
"탐정홍길동 사라진마을"
"태극권 무림7대고수전"
"태스크"
"태양의제국"
"택시 더맥시멈"
"터널"
"터널3D"
"터널스페셜"
"터네이셔스D"
"터미널"
"터미널스피드"
"터미네이터2"
"터미네이터3"
"터미네이터4 미래전쟁의시작"
"터미네이터5 제니시스"
"터치바이터치"
"터키"
"턱시도"
"테러블엔젤스"
"테러익스페리먼트"
"테레즈라캥"
"테이크다운"
"테이큰"
"테이큰2"
"테이큰3"
"테이킹라이브즈"
"테일러오브파나마"
"텍사스전기톱연쇄살인사건3D"
"텍사스킬링필드"
"토너먼트"
"토르 천둥의신"
"토르2 다크월드"
"토이스토리3"
"토카레브 분노의추격자"
"토탈리콜"
"톰과제리 스파이퀘스트"
"퇴마 무녀굴"
"퇴마전 마령검의비밀"
"투건스"
"투나잇스탠드"
"투러버스"
"투리스터스"
"투모로우"
"투모로우랜드"
"투와이스본"
"툼레이더2 판도라의상자"
"툼스톤"
"트래쉬"
"트랜스"
"트랜스포머"
"트랜스포머 사라진시대"
"트랜스포머2 패자의역습"
"트랜스포머3"
"트랜스포머4 사라진시대"
"트랜스포터"
"트랜스포터 리퓰드"
"트랜스포터2"
"트랜스포터3 라스트미션"
"트랩트"
"트로이"
"트로픽썬더"
"트론 새로운시작"
"트롤헌터"
"트루라이즈"
"트루먼쇼"
"트루스오어데어"
"트리플X2 넥스트레벨"
"트리플엑스"
"트리플엑스2 넥스트레벨"
"트릭"
"트립투잉글랜드"
"특공아미라"
"특별수사 사형수의편지"
"특수본"
"티끌모아로맨스"
"팀퍼틸아이들"
"파괴자"
"파라노말액티비티 더마크드원스"
"파수꾼"
"파앤드어웨이"
"파이널데스티네이션3"
"파이널데스티네이션4"
"파이널데스티네이션5"
"파이널판타지"
"파이어 테러와의전쟁"
"파이어스톰"
"파이어월"
"파이어위드파이어"
"파이오니아"
"파이터"
"파이터 죽음의토너먼트"
"파이트클럽"
"파인딩포레스터"
"파파로티"
"파퍼씨네펭귄들"
"파프리카"
"판타스틱4"
"판타스틱4 실버서퍼의위협"
"판타스틱4II 실버서퍼의위협"
"팔로우"
"패닉룸"
"패딩턴"
"패션왕"
"패스터"
"패스트&퓨리어스 도쿄드리프트"
"패스파인더"
"패시파이어"
"패왕별희"
"팬"
"팬텀 라스트커맨더"
"퍼니셔"
"퍼니셔2"
"퍼블릭에너미"
"퍼스트어벤져"
"퍼시잭슨과괴물의바다"
"퍼시잭슨과번개도둑"
"퍼시큐티드"
"퍼시픽림"
"퍼펙트"
"퍼펙트게임"
"퍼펙트스톰"
"퍼펙트스트레인저"
"펀치드렁크러브"
"페르마의밀실"
"페르시아의왕자 시간의모래"
"페어게임"
"페어런트트랩"
"페이더고스트"
"페이백"
"페이스메이커"
"페이스오프"
"페이첵"
"페이트스테이나이트 무한의검제"
"페이퍼맨"
"페이퍼타운"
"페인리스"
"페인앤게인"
"펠로니"
"펠햄123"
"평양성"
"포가튼 잊혀진소녀"
"포비든리얼리티"
"포세이돈"
"포스오브원"
"포스트맨"
"포인트브레이크"
"포제션 악령의상자"
"포커스"
"포화속으로"
"폭스캐처"
"폭스캐쳐"
"폰부스"
"폰티풀"
"폴리스스토리2014"
"폴리스스토리4"
"폼페이 최후의날"
"표적"
"푸른산호초"
"푸른산호초2"
"푸른소금"
"풀보이즈"
"풍산개"
"풍운"
"퓨리"
"프라미스드랜드"
"프라이멀피어"
"프라이버시"
"프라이빗스쿨"
"프라이트나이트"
"프라이트나이트2"
"프랑켄슈타인 불멸의영웅"
"프랑켄위니"
"프랭크"
"프레데터"
"프레데터2"
"프레데터스"
"프레셔"
"프레스티지"
"프레지던트메이커"
"프렌즈 몬스터섬의비밀"
"프렌즈위드베네핏"
"프로메테우스"
"프로즌그라운드"
"프로즌프레데터"
"프로포즈"
"프리미엄러쉬"
"프리스트"
"프리윌리3"
"프리즈너스"
"프리즌브레이크리턴즈"
"프리퀀시"
"프리키프라이데이"
"프릭스"
"프린세스다이어리"
"프린세스다이어리2"
"플라스틱"
"플라이미투더문"
"플라이트"
"플라이트플랜"
"플래닛바이러스 화성최후의날"
"플래시드"
"플래시드 더파이널챕터"
"플래툰"
"플랜맨"
"플러버"
"플러스원"
"플레이스비욘드더파인즈"
"플로렌스"
"플립"
"피너츠송"
"피닉스"
"피라냐"
"피라냐2"
"피라미드"
"피리부는사나이"
"피치퍼펙트 언프리티걸즈"
"피터팬"
"피해자들"
"픽업아티스트"
"필로미나의기적"
"필스"
"하녀"
"하늘에서음식이내린다면"
"하늘에서음식이내린다면2"
"하드데이"
"하드콥스"
"하모니"
"하빈저다운"
"하우스오브왁스"
"하우투비싱글"
"하울링"
"하이브리드"
"하트오브더씨"
"하프패스트데드"
"한공주"
"한나"
"한니발"
"한반도"
"한번도안해본여자"
"함정"
"핫칙"
"해결사"
"해리포터와마법사의돌"
"해리포터와불사조기사단"
"해리포터와불의잔"
"해리포터와비밀의방"
"해리포터와아즈카반의죄수"
"해리포터와죽음의성물"
"해리포터와죽음의성물 "
"해리포터와죽음의성물 PART2"
"해리포터와혼혈왕자"
"해무"
"해운대"
"해적 위대한영웅"
"해프닝"
"해피피트"
"해피피트2"
"핵소고지"
"핸드폰"
"핸즈오브스톤"
"핸콕"
"행복을찾아서"
"행오버3"
"행운을돌려줘"
"허니문"
"허드슨호크"
"허밍버드"
"허비첫시동을걸다"
"허트로커"
"헌티드맨션"
"헌티드하우스"
"헌팅인살렘 악령의마을"
"헐크"
"헤드"
"헤드윅"
"헤드헌터"
"헤라클레스 전설의부활"
"헤어스프레이"
"헤이라이드 죽음의마을"
"헤이츠"
"헤이트풀8"
"헤일로 나이트폴"
"헤픈젤 비밀의몸캠"
"헨젤과그레텔 마녀사냥꾼"
"헬레이저 레버레이션"
"헬로우고스트"
"헬머니"
"헬베이비"
"헬보이"
"헬보이2 골든아미"
"헬프"
"혈적자 황제암살단"
"형"
"형사가제트"
"호드"
"호스텔"
"호스트"
"호스티지"
"호프로스트"
"호프스프링즈"
"혹성의위기"
"혹성탈출"
"혹성탈출 반격의서막"
"혹성탈출 진화의시작"
"혼숨"
"홀리모터스"
"홍금보의보디가드"
"홍길동의후예"
"화녀'82"
"화려한휴가"
"화벽"
"화양 당대최고수전"
"화이 괴물을삼킨아이"
"화이트갓"
"화이트아웃"
"화이트칙스"
"화이트하우스다운"
"화장"
"화차"
"화피2"
"환상의빛"
"황금나침반"
"황비홍"
"황비홍2 남아당자강"
"황비홍3 사왕쟁패"
"황산벌"
"황제를위하여"
"회사원"
"효자동이발사"
"훅트"
"휴고"
"흐르는강물처럼"
"히든스나이퍼"
"히든카드"
"히든페이스"
"히말라야"
"히야"
"히어로"
"히트"
"히트맨"
"히트맨 에이전트47"
"히트스트로크"
"히후데어"
"히후데어2 런던테러리스트"
"힐즈아이즈"
"힐즈아이즈2"
"힘내세요,병헌씨"
